{"level":"ERROR","location":"[On_message:1446] data_ws","message":"There is no current event loop in thread 'Thread-1 (run_forever)'.","timestamp":"2026-08-22 16:51:23,063+0530","service":"FyersDataSocket","exception":"Traceback (most recent call last):\n  File \"D:\\trading-platform-phase1\\fyers-sidecar\\venv\\Lib\\site-packages\\fyers_apiv3\\FyersWebsocket\\data_ws.py\", line 1433, in On_message\n    self.OnMessage(message)\n    ~~~~~~~~~~~~~~^^^^^^^^^\n  File \"D:\\trading-platform-phase1\\fyers-sidecar\\sidecar.py\", line 31, in on_message\n    \"timestamp\": int(message.get(\"tt\", asyncio.get_event_loop().time() * 1000))\n                                       ~~~~~~~~~~~~~~~~~~~~~~^^\n  File \"C:\\Users\\HP\\AppData\\Local\\Python\\pythoncore-3.14-64\\Lib\\asyncio\\events.py\", line 718, in get_event_loop\n    raise RuntimeError('There is no current event loop in thread %r.'\n                       % threading.current_thread().name)\nRuntimeError: There is no current event loop in thread 'Thread-1 (run_forever)'.","exception_name":"RuntimeError"}
{"level":"ERROR","location":"[On_message:1447] data_ws","message":"There is no current event loop in thread 'Thread-1 (run_forever)'.","timestamp":"2026-08-22 16:51:23,262+0530","service":"FyersDataSocket"}
{"level":"ERROR","location":"[On_message:1446] data_ws","message":"There is no current event loop in thread 'Thread-1 (run_forever)'.","timestamp":"2026-08-22 16:51:23,263+0530","service":"FyersDataSocket","exception":"Traceback (most recent call last):\n  File \"D:\\trading-platform-phase1\\fyers-sidecar\\venv\\Lib\\site-packages\\fyers_apiv3\\FyersWebsocket\\data_ws.py\", line 1433, in On_message\n    self.OnMessage(message)\n    ~~~~~~~~~~~~~~^^^^^^^^^\n  File \"D:\\trading-platform-phase1\\fyers-sidecar\\sidecar.py\", line 31, in on_message\n    \"timestamp\": int(message.get(\"tt\", asyncio.get_event_loop().time() * 1000))\n                                       ~~~~~~~~~~~~~~~~~~~~~~^^\n  File \"C:\\Users\\HP\\AppData\\Local\\Python\\pythoncore-3.14-64\\Lib\\asyncio\\events.py\", line 718, in get_event_loop\n    raise RuntimeError('There is no current event loop in thread %r.'\n                       % threading.current_thread().name)\nRuntimeError: There is no current event loop in thread 'Thread-1 (run_forever)'.","exception_name":"RuntimeError"}
{"level":"ERROR","location":"[On_message:1447] data_ws","message":"There is no current event loop in thread 'Thread-1 (run_forever)'.","timestamp":"2026-08-22 16:51:23,264+0530","service":"FyersDataSocket"}
{"level":"ERROR","location":"[On_message:1446] data_ws","message":"There is no current event loop in thread 'Thread-1 (run_forever)'.","timestamp":"2026-08-22 17:16:37,856+0530","service":"FyersDataSocket","exception":"Traceback (most recent call last):\n  File \"D:\\trading-platform-phase1\\fyers-sidecar\\venv\\Lib\\site-packages\\fyers_apiv3\\FyersWebsocket\\data_ws.py\", line 1433, in On_message\n    self.OnMessage(message)\n    ~~~~~~~~~~~~~~^^^^^^^^^\n  File \"D:\\trading-platform-phase1\\fyers-sidecar\\sidecar.py\", line 31, in on_message\n    \"timestamp\": int(message.get(\"tt\", asyncio.get_event_loop().time() * 1000))\n                                       ~~~~~~~~~~~~~~~~~~~~~~^^\n  File \"C:\\Users\\HP\\AppData\\Local\\Python\\pythoncore-3.14-64\\Lib\\asyncio\\events.py\", line 718, in get_event_loop\n    raise RuntimeError('There is no current event loop in thread %r.'\n                       % threading.current_thread().name)\nRuntimeError: There is no current event loop in thread 'Thread-1 (run_forever)'.","exception_name":"RuntimeError"}
{"level":"ERROR","location":"[On_message:1447] data_ws","message":"There is no current event loop in thread 'Thread-1 (run_forever)'.","timestamp":"2026-08-22 17:16:37,859+0530","service":"FyersDataSocket"}
{"level":"ERROR","location":"[On_message:1446] data_ws","message":"There is no current event loop in thread 'Thread-1 (run_forever)'.","timestamp":"2026-08-22 17:16:37,859+0530","service":"FyersDataSocket","exception":"Traceback (most recent call last):\n  File \"D:\\trading-platform-phase1\\fyers-sidecar\\venv\\Lib\\site-packages\\fyers_apiv3\\FyersWebsocket\\data_ws.py\", line 1433, in On_message\n    self.OnMessage(message)\n    ~~~~~~~~~~~~~~^^^^^^^^^\n  File \"D:\\trading-platform-phase1\\fyers-sidecar\\sidecar.py\", line 31, in on_message\n    \"timestamp\": int(message.get(\"tt\", asyncio.get_event_loop().time() * 1000))\n                                       ~~~~~~~~~~~~~~~~~~~~~~^^\n  File \"C:\\Users\\HP\\AppData\\Local\\Python\\pythoncore-3.14-64\\Lib\\asyncio\\events.py\", line 718, in get_event_loop\n    raise RuntimeError('There is no current event loop in thread %r.'\n                       % threading.current_thread().name)\nRuntimeError: There is no current event loop in thread 'Thread-1 (run_forever)'.","exception_name":"RuntimeError"}
{"level":"ERROR","location":"[On_message:1447] data_ws","message":"There is no current event loop in thread 'Thread-1 (run_forever)'.","timestamp":"2026-08-22 17:16:37,860+0530","service":"FyersDataSocket"}
{"level":"ERROR","location":"[<lambda>:1667] data_ws","message":"[WinError 10054] An existing connection was forcibly closed by the remote host","timestamp":"2026-08-22 22:23:32,897+0530","service":"FyersDataSocket"}
{"level":"ERROR","location":"[<lambda>:1667] data_ws","message":"[SSL: UNEXPECTED_EOF_WHILE_READING] EOF occurred in violation of protocol (_ssl.c:1082)","timestamp":"2026-08-22 22:59:32,782+0530","service":"FyersDataSocket"}
{"level":"ERROR","location":"[On_message:1446] data_ws","message":"There is no current event loop in thread 'Thread-5 (run_forever)'.","timestamp":"2026-08-22 23:00:27,247+0530","service":"FyersDataSocket","exception":"Traceback (most recent call last):\n  File \"D:\\trading-platform-phase1\\fyers-sidecar\\venv\\Lib\\site-packages\\fyers_apiv3\\FyersWebsocket\\data_ws.py\", line 1433, in On_message\n    self.OnMessage(message)\n    ~~~~~~~~~~~~~~^^^^^^^^^\n  File \"D:\\trading-platform-phase1\\fyers-sidecar\\sidecar.py\", line 31, in on_message\n    \"timestamp\": int(message.get(\"tt\", asyncio.get_event_loop().time() * 1000))\n                                       ~~~~~~~~~~~~~~~~~~~~~~^^\n  File \"C:\\Users\\HP\\AppData\\Local\\Python\\pythoncore-3.14-64\\Lib\\asyncio\\events.py\", line 718, in get_event_loop\n    raise RuntimeError('There is no current event loop in thread %r.'\n                       % threading.current_thread().name)\nRuntimeError: There is no current event loop in thread 'Thread-5 (run_forever)'.","exception_name":"RuntimeError"}
{"level":"ERROR","location":"[On_message:1447] data_ws","message":"There is no current event loop in thread 'Thread-5 (run_forever)'.","timestamp":"2026-08-22 23:00:27,445+0530","service":"FyersDataSocket"}
{"level":"ERROR","location":"[On_message:1446] data_ws","message":"There is no current event loop in thread 'Thread-5 (run_forever)'.","timestamp":"2026-08-22 23:00:27,445+0530","service":"FyersDataSocket","exception":"Traceback (most recent call last):\n  File \"D:\\trading-platform-phase1\\fyers-sidecar\\venv\\Lib\\site-packages\\fyers_apiv3\\FyersWebsocket\\data_ws.py\", line 1433, in On_message\n    self.OnMessage(message)\n    ~~~~~~~~~~~~~~^^^^^^^^^\n  File \"D:\\trading-platform-phase1\\fyers-sidecar\\sidecar.py\", line 31, in on_message\n    \"timestamp\": int(message.get(\"tt\", asyncio.get_event_loop().time() * 1000))\n                                       ~~~~~~~~~~~~~~~~~~~~~~^^\n  File \"C:\\Users\\HP\\AppData\\Local\\Python\\pythoncore-3.14-64\\Lib\\asyncio\\events.py\", line 718, in get_event_loop\n    raise RuntimeError('There is no current event loop in thread %r.'\n                       % threading.current_thread().name)\nRuntimeError: There is no current event loop in thread 'Thread-5 (run_forever)'.","exception_name":"RuntimeError"}
{"level":"ERROR","location":"[On_message:1447] data_ws","message":"There is no current event loop in thread 'Thread-5 (run_forever)'.","timestamp":"2026-08-22 23:00:27,449+0530","service":"FyersDataSocket"}
{"level":"ERROR","location":"[On_message:1446] data_ws","message":"There is no current event loop in thread 'Thread-1 (run_forever)'.","timestamp":"2026-08-23 00:03:26,440+0530","service":"FyersDataSocket","exception":"Traceback (most recent call last):\n  File \"C:\\Users\\HP\\AppData\\Local\\Python\\pythoncore-3.14-64\\Lib\\site-packages\\fyers_apiv3\\FyersWebsocket\\data_ws.py\", line 1433, in On_message\n    self.OnMessage(message)\n    ~~~~~~~~~~~~~~^^^^^^^^^\n  File \"D:\\trading-platform-phase1\\fyers-sidecar\\sidecar.py\", line 31, in on_message\n    \"timestamp\": int(message.get(\"tt\", asyncio.get_event_loop().time() * 1000))\n                                       ~~~~~~~~~~~~~~~~~~~~~~^^\n  File \"C:\\Users\\HP\\AppData\\Local\\Python\\pythoncore-3.14-64\\Lib\\asyncio\\events.py\", line 718, in get_event_loop\n    raise RuntimeError('There is no current event loop in thread %r.'\n                       % threading.current_thread().name)\nRuntimeError: There is no current event loop in thread 'Thread-1 (run_forever)'.","exception_name":"RuntimeError"}
{"level":"ERROR","location":"[On_message:1447] data_ws","message":"There is no current event loop in thread 'Thread-1 (run_forever)'.","timestamp":"2026-08-23 00:03:26,550+0530","service":"FyersDataSocket"}
{"level":"ERROR","location":"[On_message:1446] data_ws","message":"There is no current event loop in thread 'Thread-1 (run_forever)'.","timestamp":"2026-08-23 00:03:26,551+0530","service":"FyersDataSocket","exception":"Traceback (most recent call last):\n  File \"C:\\Users\\HP\\AppData\\Local\\Python\\pythoncore-3.14-64\\Lib\\site-packages\\fyers_apiv3\\FyersWebsocket\\data_ws.py\", line 1433, in On_message\n    self.OnMessage(message)\n    ~~~~~~~~~~~~~~^^^^^^^^^\n  File \"D:\\trading-platform-phase1\\fyers-sidecar\\sidecar.py\", line 31, in on_message\n    \"timestamp\": int(message.get(\"tt\", asyncio.get_event_loop().time() * 1000))\n                                       ~~~~~~~~~~~~~~~~~~~~~~^^\n  File \"C:\\Users\\HP\\AppData\\Local\\Python\\pythoncore-3.14-64\\Lib\\asyncio\\events.py\", line 718, in get_event_loop\n    raise RuntimeError('There is no current event loop in thread %r.'\n                       % threading.current_thread().name)\nRuntimeError: There is no current event loop in thread 'Thread-1 (run_forever)'.","exception_name":"RuntimeError"}
{"level":"ERROR","location":"[On_message:1447] data_ws","message":"There is no current event loop in thread 'Thread-1 (run_forever)'.","timestamp":"2026-08-23 00:03:26,555+0530","service":"FyersDataSocket"}
{"level":"ERROR","location":"[access_token_to_hsmtoken:272] data_ws","message":{"type":"cn","code":-99,"message":"Token is expired","s":"error"},"timestamp":"2026-08-24 19:30:13,268+0530","service":"FyersDataSocket","taskName":"Task-1"}
{"level":"ERROR","location":"[access_token_to_hsmtoken:272] data_ws","message":{"type":"cn","code":-99,"message":"Token is expired","s":"error"},"timestamp":"2026-08-25 10:38:06,998+0530","service":"FyersDataSocket","taskName":"Task-1"}
{"level":"ERROR","location":"[<lambda>:1667] data_ws","message":"Connection to remote host was lost.","timestamp":"2026-08-25 19:25:54,211+0530","service":"FyersDataSocket"}
{"level":"ERROR","location":"[<lambda>:1667] data_ws","message":"Connection to remote host was lost.","timestamp":"2026-08-25 19:27:58,207+0530","service":"FyersDataSocket"}
{"level":"ERROR","location":"[<lambda>:1667] data_ws","message":"Connection to remote host was lost.","timestamp":"2026-08-25 19:30:00,291+0530","service":"FyersDataSocket"}
{"level":"ERROR","location":"[<lambda>:1667] data_ws","message":"Connection to remote host was lost.","timestamp":"2026-08-25 19:32:04,248+0530","service":"FyersDataSocket"}
{"level":"ERROR","location":"[<lambda>:1667] data_ws","message":"Connection to remote host was lost.","timestamp":"2026-08-25 19:32:47,973+0530","service":"FyersDataSocket"}
{"level":"ERROR","location":"[<lambda>:1667] data_ws","message":"Connection to remote host was lost.","timestamp":"2026-08-25 23:31:09,849+0530","service":"FyersDataSocket"}
{"level":"ERROR","location":"[<lambda>:1667] data_ws","message":"Connection to remote host was lost.","timestamp":"2026-08-25 23:31:58,691+0530","service":"FyersDataSocket"}
{"level":"ERROR","location":"[<lambda>:1667] data_ws","message":"Connection to remote host was lost.","timestamp":"2026-08-25 23:31:59,435+0530","service":"FyersDataSocket"}
{"level":"ERROR","location":"[<lambda>:1667] data_ws","message":"Connection to remote host was lost.","timestamp":"2026-08-25 23:31:59,703+0530","service":"FyersDataSocket"}
{"level":"ERROR","location":"[<lambda>:1667] data_ws","message":"Connection to remote host was lost.","timestamp":"2026-08-25 23:31:59,727+0530","service":"FyersDataSocket"}
{"level":"ERROR","location":"[<lambda>:1667] data_ws","message":"Connection to remote host was lost.","timestamp":"2026-08-25 23:31:59,728+0530","service":"FyersDataSocket"}
{"level":"ERROR","location":"[<lambda>:1667] data_ws","message":"Connection to remote host was lost.","timestamp":"2026-08-25 23:31:59,729+0530","service":"FyersDataSocket"}
{"level":"ERROR","location":"[<lambda>:1667] data_ws","message":"Connection to remote host was lost.","timestamp":"2026-08-25 23:31:59,730+0530","service":"FyersDataSocket"}
{"level":"ERROR","location":"[<lambda>:1667] data_ws","message":"Connection to remote host was lost.","timestamp":"2026-08-25 23:31:59,731+0530","service":"FyersDataSocket"}
{"level":"ERROR","location":"[<lambda>:1667] data_ws","message":"Connection to remote host was lost.","timestamp":"2026-08-25 23:31:59,733+0530","service":"FyersDataSocket"}
{"level":"ERROR","location":"[<lambda>:1667] data_ws","message":"Connection to remote host was lost.","timestamp":"2026-08-25 23:33:13,877+0530","service":"FyersDataSocket"}
{"level":"ERROR","location":"[<lambda>:1667] data_ws","message":"Connection to remote host was lost.","timestamp":"2026-08-25 23:34:03,877+0530","service":"FyersDataSocket"}
{"level":"ERROR","location":"[<lambda>:1667] data_ws","message":"Connection to remote host was lost.","timestamp":"2026-08-25 23:34:08,447+0530","service":"FyersDataSocket"}
{"level":"ERROR","location":"[<lambda>:1667] data_ws","message":"Connection to remote host was lost.","timestamp":"2026-08-25 23:34:13,879+0530","service":"FyersDataSocket"}
{"level":"ERROR","location":"[<lambda>:1667] data_ws","message":"Connection to remote host was lost.","timestamp":"2026-08-25 23:34:18,441+0530","service":"FyersDataSocket"}
{"level":"ERROR","location":"[<lambda>:1667] data_ws","message":"Connection to remote host was lost.","timestamp":"2026-08-25 23:34:23,882+0530","service":"FyersDataSocket"}
{"level":"ERROR","location":"[<lambda>:1667] data_ws","message":"Connection to remote host was lost.","timestamp":"2026-08-25 23:34:28,446+0530","service":"FyersDataSocket"}
{"level":"ERROR","location":"[<lambda>:1667] data_ws","message":"Connection to remote host was lost.","timestamp":"2026-08-25 23:34:33,883+0530","service":"FyersDataSocket"}
{"level":"ERROR","location":"[<lambda>:1667] data_ws","message":"Connection to remote host was lost.","timestamp":"2026-08-25 23:34:38,459+0530","service":"FyersDataSocket"}
{"level":"ERROR","location":"[<lambda>:1667] data_ws","message":"Connection to remote host was lost.","timestamp":"2026-08-25 23:34:43,883+0530","service":"FyersDataSocket"}
{"level":"ERROR","location":"[<lambda>:1667] data_ws","message":"Connection to remote host was lost.","timestamp":"2026-08-25 23:35:17,961+0530","service":"FyersDataSocket"}
{"level":"ERROR","location":"[<lambda>:1667] data_ws","message":"Connection to remote host was lost.","timestamp":"2026-08-25 23:35:18,513+0530","service":"FyersDataSocket"}
{"level":"ERROR","location":"[<lambda>:1667] data_ws","message":"Connection to remote host was lost.","timestamp":"2026-08-25 23:36:08,549+0530","service":"FyersDataSocket"}
{"level":"ERROR","location":"[<lambda>:1667] data_ws","message":"Connection to remote host was lost.","timestamp":"2026-08-25 23:36:17,974+0530","service":"FyersDataSocket"}
{"level":"ERROR","location":"[<lambda>:1667] data_ws","message":"Connection to remote host was lost.","timestamp":"2026-08-25 23:36:18,573+0530","service":"FyersDataSocket"}
{"level":"ERROR","location":"[<lambda>:1667] data_ws","message":"Connection to remote host was lost.","timestamp":"2026-08-25 23:36:27,974+0530","service":"FyersDataSocket"}
{"level":"ERROR","location":"[<lambda>:1667] data_ws","message":"Connection to remote host was lost.","timestamp":"2026-08-25 23:36:28,584+0530","service":"FyersDataSocket"}
{"level":"ERROR","location":"[<lambda>:1667] data_ws","message":"Connection to remote host was lost.","timestamp":"2026-08-25 23:36:32,574+0530","service":"FyersDataSocket"}
{"level":"ERROR","location":"[<lambda>:1667] data_ws","message":"Connection to remote host was lost.","timestamp":"2026-08-25 23:36:38,645+0530","service":"FyersDataSocket"}
{"level":"ERROR","location":"[<lambda>:1667] data_ws","message":"Connection to remote host was lost.","timestamp":"2026-08-25 23:36:47,972+0530","service":"FyersDataSocket"}
{"level":"ERROR","location":"[<lambda>:1667] data_ws","message":"Connection to remote host was lost.","timestamp":"2026-08-25 23:36:48,612+0530","service":"FyersDataSocket"}
{"level":"ERROR","location":"[__datafeed_resp:1261] data_ws","message":"'sf|mcx_fo|565899'","timestamp":"2026-08-25 23:36:58,909+0530","service":"FyersDataSocket","exception":"Traceback (most recent call last):\n  File \"C:\\Users\\HP\\AppData\\Local\\Python\\pythoncore-3.14-64\\Lib\\site-packages\\fyers_apiv3\\FyersWebsocket\\data_ws.py\", line 1157, in __datafeed_resp\n    self.resp[topic_name][\"symbol\"] = self.symbol_token[topic_name]\n                                      ~~~~~~~~~~~~~~~~~^^^^^^^^^^^^\nKeyError: 'sf|mcx_fo|565899'","exception_name":"KeyError"}
{"level":"ERROR","location":"[<lambda>:1667] data_ws","message":"Connection to remote host was lost.","timestamp":"2026-08-25 23:37:22,565+0530","service":"FyersDataSocket"}
{"level":"ERROR","location":"[<lambda>:1667] data_ws","message":"Connection to remote host was lost.","timestamp":"2026-08-25 23:37:27,974+0530","service":"FyersDataSocket"}
{"level":"ERROR","location":"[<lambda>:1667] data_ws","message":"Connection to remote host was lost.","timestamp":"2026-08-25 23:38:13,126+0530","service":"FyersDataSocket"}
{"level":"ERROR","location":"[<lambda>:1667] data_ws","message":"Connection to remote host was lost.","timestamp":"2026-08-25 23:38:22,581+0530","service":"FyersDataSocket"}
{"level":"ERROR","location":"[<lambda>:1667] data_ws","message":"Connection to remote host was lost.","timestamp":"2026-08-25 23:38:27,980+0530","service":"FyersDataSocket"}
{"level":"ERROR","location":"[<lambda>:1667] data_ws","message":"Connection to remote host was lost.","timestamp":"2026-08-25 23:38:32,578+0530","service":"FyersDataSocket"}
{"level":"ERROR","location":"[<lambda>:1667] data_ws","message":"Connection to remote host was lost.","timestamp":"2026-08-25 23:38:33,118+0530","service":"FyersDataSocket"}
{"level":"ERROR","location":"[<lambda>:1667] data_ws","message":"Connection to remote host was lost.","timestamp":"2026-08-25 23:38:36,629+0530","service":"FyersDataSocket"}
{"level":"ERROR","location":"[<lambda>:1667] data_ws","message":"Connection to remote host was lost.","timestamp":"2026-08-25 23:38:43,148+0530","service":"FyersDataSocket"}
{"level":"ERROR","location":"[<lambda>:1667] data_ws","message":"Connection to remote host was lost.","timestamp":"2026-08-25 23:38:52,585+0530","service":"FyersDataSocket"}
{"level":"ERROR","location":"[<lambda>:1667] data_ws","message":"Connection to remote host was lost.","timestamp":"2026-08-25 23:38:55,806+0530","service":"FyersDataSocket"}
{"level":"ERROR","location":"[<lambda>:1667] data_ws","message":"Connection to remote host was lost.","timestamp":"2026-08-25 23:38:57,833+0530","service":"FyersDataSocket"}
{"level":"ERROR","location":"[<lambda>:1667] data_ws","message":"Connection to remote host was lost.","timestamp":"2026-08-25 23:39:26,428+0530","service":"FyersDataSocket"}
{"level":"ERROR","location":"[<lambda>:1667] data_ws","message":"Connection to remote host was lost.","timestamp":"2026-08-25 23:39:32,586+0530","service":"FyersDataSocket"}
{"level":"ERROR","location":"[<lambda>:1667] data_ws","message":"Connection to remote host was lost.","timestamp":"2026-08-25 23:40:18,068+0530","service":"FyersDataSocket"}
{"level":"ERROR","location":"[<lambda>:1667] data_ws","message":"Connection to remote host was lost.","timestamp":"2026-08-25 23:40:26,430+0530","service":"FyersDataSocket"}
{"level":"ERROR","location":"[<lambda>:1667] data_ws","message":"Connection to remote host was lost.","timestamp":"2026-08-25 23:40:32,585+0530","service":"FyersDataSocket"}
{"level":"ERROR","location":"[<lambda>:1667] data_ws","message":"Connection to remote host was lost.","timestamp":"2026-08-25 23:40:38,069+0530","service":"FyersDataSocket"}
{"level":"ERROR","location":"[<lambda>:1667] data_ws","message":"Connection to remote host was lost.","timestamp":"2026-08-25 23:40:42,585+0530","service":"FyersDataSocket"}
{"level":"ERROR","location":"[<lambda>:1667] data_ws","message":"Connection to remote host was lost.","timestamp":"2026-08-25 23:40:46,435+0530","service":"FyersDataSocket"}
{"level":"ERROR","location":"[<lambda>:1667] data_ws","message":"Connection to remote host was lost.","timestamp":"2026-08-25 23:40:48,072+0530","service":"FyersDataSocket"}
{"level":"ERROR","location":"[<lambda>:1667] data_ws","message":"Connection to remote host was lost.","timestamp":"2026-08-25 23:40:56,817+0530","service":"FyersDataSocket"}
{"level":"ERROR","location":"[<lambda>:1667] data_ws","message":"Connection to remote host was lost.","timestamp":"2026-08-25 23:41:02,589+0530","service":"FyersDataSocket"}
{"level":"ERROR","location":"[<lambda>:1667] data_ws","message":"Connection to remote host was lost.","timestamp":"2026-08-25 23:41:05,276+0530","service":"FyersDataSocket"}
{"level":"ERROR","location":"[<lambda>:1667] data_ws","message":"Connection to remote host was lost.","timestamp":"2026-08-25 23:41:30,009+0530","service":"FyersDataSocket"}
{"level":"ERROR","location":"[<lambda>:1667] data_ws","message":"Connection to remote host was lost.","timestamp":"2026-08-25 23:41:36,824+0530","service":"FyersDataSocket"}
{"level":"ERROR","location":"[<lambda>:1667] data_ws","message":"Connection to remote host was lost.","timestamp":"2026-08-25 23:41:58,088+0530","service":"FyersDataSocket"}
{"level":"ERROR","location":"[<lambda>:1667] data_ws","message":"Connection to remote host was lost.","timestamp":"2026-08-25 23:42:23,008+0530","service":"FyersDataSocket"}
{"level":"ERROR","location":"[<lambda>:1667] data_ws","message":"Connection to remote host was lost.","timestamp":"2026-08-25 23:42:30,016+0530","service":"FyersDataSocket"}
{"level":"ERROR","location":"[<lambda>:1667] data_ws","message":"Connection to remote host was lost.","timestamp":"2026-08-25 23:42:36,834+0530","service":"FyersDataSocket"}
{"level":"ERROR","location":"[<lambda>:1667] data_ws","message":"Connection to remote host was lost.","timestamp":"2026-08-25 23:42:43,008+0530","service":"FyersDataSocket"}
{"level":"ERROR","location":"[<lambda>:1667] data_ws","message":"Connection to remote host was lost.","timestamp":"2026-08-25 23:42:50,018+0530","service":"FyersDataSocket"}
{"level":"ERROR","location":"[<lambda>:1667] data_ws","message":"Connection to remote host was lost.","timestamp":"2026-08-25 23:42:52,645+0530","service":"FyersDataSocket"}
{"level":"ERROR","location":"[<lambda>:1667] data_ws","message":"Connection to remote host was lost.","timestamp":"2026-08-25 23:42:58,084+0530","service":"FyersDataSocket"}
{"level":"ERROR","location":"[<lambda>:1667] data_ws","message":"Connection to remote host was lost.","timestamp":"2026-08-25 23:43:00,696+0530","service":"FyersDataSocket"}
{"level":"ERROR","location":"[<lambda>:1667] data_ws","message":"Connection to remote host was lost.","timestamp":"2026-08-25 23:43:06,831+0530","service":"FyersDataSocket"}
{"level":"ERROR","location":"[<lambda>:1667] data_ws","message":"Connection to remote host was lost.","timestamp":"2026-08-25 23:43:15,286+0530","service":"FyersDataSocket"}
{"level":"ERROR","location":"[<lambda>:1667] data_ws","message":"Connection to remote host was lost.","timestamp":"2026-08-25 23:43:34,956+0530","service":"FyersDataSocket"}
{"level":"ERROR","location":"[<lambda>:1667] data_ws","message":"Connection to remote host was lost.","timestamp":"2026-08-25 23:43:40,023+0530","service":"FyersDataSocket"}
{"level":"ERROR","location":"[<lambda>:1667] data_ws","message":"Connection to remote host was lost.","timestamp":"2026-08-25 23:44:03,016+0530","service":"FyersDataSocket"}
{"level":"ERROR","location":"[<lambda>:1667] data_ws","message":"Connection to remote host was lost.","timestamp":"2026-08-25 23:44:27,780+0530","service":"FyersDataSocket"}
{"level":"ERROR","location":"[<lambda>:1667] data_ws","message":"Connection to remote host was lost.","timestamp":"2026-08-25 23:44:34,951+0530","service":"FyersDataSocket"}
{"level":"ERROR","location":"[<lambda>:1667] data_ws","message":"Connection to remote host was lost.","timestamp":"2026-08-25 23:44:40,022+0530","service":"FyersDataSocket"}
{"level":"ERROR","location":"[<lambda>:1667] data_ws","message":"Connection to remote host was lost.","timestamp":"2026-08-25 23:44:47,779+0530","service":"FyersDataSocket"}
{"level":"ERROR","location":"[<lambda>:1667] data_ws","message":"Connection to remote host was lost.","timestamp":"2026-08-25 23:44:54,959+0530","service":"FyersDataSocket"}
{"level":"ERROR","location":"[<lambda>:1667] data_ws","message":"Connection to remote host was lost.","timestamp":"2026-08-25 23:45:02,606+0530","service":"FyersDataSocket"}
{"level":"ERROR","location":"[<lambda>:1667] data_ws","message":"Connection to remote host was lost.","timestamp":"2026-08-25 23:45:02,732+0530","service":"FyersDataSocket"}
{"level":"ERROR","location":"[<lambda>:1667] data_ws","message":"Connection to remote host was lost.","timestamp":"2026-08-25 23:45:10,028+0530","service":"FyersDataSocket"}
{"level":"ERROR","location":"[<lambda>:1667] data_ws","message":"Connection to remote host was lost.","timestamp":"2026-08-25 23:45:10,821+0530","service":"FyersDataSocket"}
{"level":"ERROR","location":"[__datafeed_resp:1261] data_ws","message":"'sf|mcx_fo|565899'","timestamp":"2026-08-25 23:45:15,352+0530","service":"FyersDataSocket","exception":"Traceback (most recent call last):\n  File \"C:\\Users\\HP\\AppData\\Local\\Python\\pythoncore-3.14-64\\Lib\\site-packages\\fyers_apiv3\\FyersWebsocket\\data_ws.py\", line 1157, in __datafeed_resp\n    self.resp[topic_name][\"symbol\"] = self.symbol_token[topic_name]\n                                      ~~~~~~~~~~~~~~~~~^^^^^^^^^^^^\nKeyError: 'sf|mcx_fo|565899'","exception_name":"KeyError"}
{"level":"ERROR","location":"[<lambda>:1667] data_ws","message":"Connection to remote host was lost.","timestamp":"2026-08-25 23:45:20,033+0530","service":"FyersDataSocket"}
{"level":"ERROR","location":"[<lambda>:1667] data_ws","message":"Connection to remote host was lost.","timestamp":"2026-08-25 23:45:39,237+0530","service":"FyersDataSocket"}
{"level":"ERROR","location":"[<lambda>:1667] data_ws","message":"Connection to remote host was lost.","timestamp":"2026-08-25 23:45:44,196+0530","service":"FyersDataSocket"}
{"level":"ERROR","location":"[<lambda>:1667] data_ws","message":"Connection to remote host was lost.","timestamp":"2026-08-25 23:45:44,962+0530","service":"FyersDataSocket"}
{"level":"ERROR","location":"[<lambda>:1667] data_ws","message":"Connection to remote host was lost.","timestamp":"2026-08-25 23:46:07,791+0530","service":"FyersDataSocket"}
{"level":"ERROR","location":"[<lambda>:1667] data_ws","message":"Connection to remote host was lost.","timestamp":"2026-08-25 23:46:32,618+0530","service":"FyersDataSocket"}
{"level":"ERROR","location":"[<lambda>:1667] data_ws","message":"Connection to remote host was lost.","timestamp":"2026-08-25 23:46:39,243+0530","service":"FyersDataSocket"}
{"level":"ERROR","location":"[<lambda>:1667] data_ws","message":"Connection to remote host was lost.","timestamp":"2026-08-25 23:46:44,970+0530","service":"FyersDataSocket"}
{"level":"ERROR","location":"[<lambda>:1667] data_ws","message":"Connection to remote host was lost.","timestamp":"2026-08-25 23:46:52,623+0530","service":"FyersDataSocket"}
{"level":"ERROR","location":"[<lambda>:1667] data_ws","message":"Connection to remote host was lost.","timestamp":"2026-08-25 23:46:59,242+0530","service":"FyersDataSocket"}
{"level":"ERROR","location":"[<lambda>:1667] data_ws","message":"Connection to remote host was lost.","timestamp":"2026-08-25 23:47:06,854+0530","service":"FyersDataSocket"}
{"level":"ERROR","location":"[<lambda>:1667] data_ws","message":"Connection to remote host was lost.","timestamp":"2026-08-25 23:47:12,622+0530","service":"FyersDataSocket"}
{"level":"ERROR","location":"[<lambda>:1667] data_ws","message":"Connection to remote host was lost.","timestamp":"2026-08-25 23:47:14,971+0530","service":"FyersDataSocket"}
{"level":"ERROR","location":"[<lambda>:1667] data_ws","message":"Connection to remote host was lost.","timestamp":"2026-08-25 23:47:20,434+0530","service":"FyersDataSocket"}
{"level":"ERROR","location":"[<lambda>:1667] data_ws","message":"Connection to remote host was lost.","timestamp":"2026-08-25 23:47:24,971+0530","service":"FyersDataSocket"}
{"level":"ERROR","location":"[<lambda>:1667] data_ws","message":"Connection to remote host was lost.","timestamp":"2026-08-25 23:47:44,199+0530","service":"FyersDataSocket"}
{"level":"ERROR","location":"[<lambda>:1667] data_ws","message":"Connection to remote host was lost.","timestamp":"2026-08-25 23:47:49,245+0530","service":"FyersDataSocket"}
{"level":"ERROR","location":"[<lambda>:1667] data_ws","message":"Connection to remote host was lost.","timestamp":"2026-08-25 23:47:54,201+0530","service":"FyersDataSocket"}
{"level":"ERROR","location":"[<lambda>:1667] data_ws","message":"Connection to remote host was lost.","timestamp":"2026-08-25 23:48:12,625+0530","service":"FyersDataSocket"}
{"level":"ERROR","location":"[<lambda>:1667] data_ws","message":"Connection to remote host was lost.","timestamp":"2026-08-25 23:48:36,863+0530","service":"FyersDataSocket"}
{"level":"ERROR","location":"[<lambda>:1667] data_ws","message":"Connection to remote host was lost.","timestamp":"2026-08-25 23:48:44,209+0530","service":"FyersDataSocket"}
{"level":"ERROR","location":"[<lambda>:1667] data_ws","message":"Connection to remote host was lost.","timestamp":"2026-08-25 23:48:49,249+0530","service":"FyersDataSocket"}
{"level":"ERROR","location":"[<lambda>:1667] data_ws","message":"Connection to remote host was lost.","timestamp":"2026-08-25 23:48:56,862+0530","service":"FyersDataSocket"}
{"level":"ERROR","location":"[<lambda>:1667] data_ws","message":"Connection to remote host was lost.","timestamp":"2026-08-25 23:49:04,206+0530","service":"FyersDataSocket"}
{"level":"ERROR","location":"[<lambda>:1667] data_ws","message":"Connection to remote host was lost.","timestamp":"2026-08-25 23:49:11,009+0530","service":"FyersDataSocket"}
{"level":"ERROR","location":"[<lambda>:1667] data_ws","message":"Connection to remote host was lost.","timestamp":"2026-08-25 23:49:16,866+0530","service":"FyersDataSocket"}
{"level":"ERROR","location":"[<lambda>:1667] data_ws","message":"Connection to remote host was lost.","timestamp":"2026-08-25 23:49:24,982+0530","service":"FyersDataSocket"}
{"level":"ERROR","location":"[<lambda>:1667] data_ws","message":"Connection to remote host was lost.","timestamp":"2026-08-25 23:49:25,461+0530","service":"FyersDataSocket"}
{"level":"ERROR","location":"[<lambda>:1667] data_ws","message":"Connection to remote host was lost.","timestamp":"2026-08-25 23:49:29,262+0530","service":"FyersDataSocket"}
{"level":"ERROR","location":"[<lambda>:1667] data_ws","message":"Connection to remote host was lost.","timestamp":"2026-08-25 23:49:48,849+0530","service":"FyersDataSocket"}
{"level":"ERROR","location":"[<lambda>:1667] data_ws","message":"Connection to remote host was lost.","timestamp":"2026-08-25 23:49:54,217+0530","service":"FyersDataSocket"}
{"level":"ERROR","location":"[<lambda>:1667] data_ws","message":"Connection to remote host was lost.","timestamp":"2026-08-25 23:49:58,803+0530","service":"FyersDataSocket"}
{"level":"ERROR","location":"[<lambda>:1667] data_ws","message":"Connection to remote host was lost.","timestamp":"2026-08-25 23:50:16,870+0530","service":"FyersDataSocket"}
{"level":"ERROR","location":"[<lambda>:1667] data_ws","message":"Connection to remote host was lost.","timestamp":"2026-08-25 23:50:41,018+0530","service":"FyersDataSocket"}
{"level":"ERROR","location":"[<lambda>:1667] data_ws","message":"Connection to remote host was lost.","timestamp":"2026-08-25 23:50:48,804+0530","service":"FyersDataSocket"}
{"level":"ERROR","location":"[<lambda>:1667] data_ws","message":"Connection to remote host was lost.","timestamp":"2026-08-25 23:50:54,227+0530","service":"FyersDataSocket"}
{"level":"ERROR","location":"[<lambda>:1667] data_ws","message":"Connection to remote host was lost.","timestamp":"2026-08-25 23:51:01,018+0530","service":"FyersDataSocket"}
{"level":"ERROR","location":"[<lambda>:1667] data_ws","message":"Connection to remote host was lost.","timestamp":"2026-08-25 23:51:08,809+0530","service":"FyersDataSocket"}
{"level":"ERROR","location":"[<lambda>:1667] data_ws","message":"Connection to remote host was lost.","timestamp":"2026-08-25 23:51:16,005+0530","service":"FyersDataSocket"}
{"level":"ERROR","location":"[<lambda>:1667] data_ws","message":"Connection to remote host was lost.","timestamp":"2026-08-25 23:51:21,013+0530","service":"FyersDataSocket"}
{"level":"ERROR","location":"[<lambda>:1667] data_ws","message":"Connection to remote host was lost.","timestamp":"2026-08-25 23:51:29,317+0530","service":"FyersDataSocket"}
{"level":"ERROR","location":"[<lambda>:1667] data_ws","message":"Connection to remote host was lost.","timestamp":"2026-08-25 23:51:35,336+0530","service":"FyersDataSocket"}
{"level":"ERROR","location":"[<lambda>:1667] data_ws","message":"Connection to remote host was lost.","timestamp":"2026-08-25 23:51:44,231+0530","service":"FyersDataSocket"}
{"level":"ERROR","location":"[<lambda>:1667] data_ws","message":"Connection to remote host was lost.","timestamp":"2026-08-25 23:51:53,123+0530","service":"FyersDataSocket"}
{"level":"ERROR","location":"[<lambda>:1667] data_ws","message":"Connection to remote host was lost.","timestamp":"2026-08-25 23:51:58,833+0530","service":"FyersDataSocket"}
{"level":"ERROR","location":"[<lambda>:1667] data_ws","message":"Connection to remote host was lost.","timestamp":"2026-08-25 23:52:08,814+0530","service":"FyersDataSocket"}
{"level":"ERROR","location":"[<lambda>:1667] data_ws","message":"Connection to remote host was lost.","timestamp":"2026-08-25 23:52:21,024+0530","service":"FyersDataSocket"}
{"level":"ERROR","location":"[<lambda>:1667] data_ws","message":"Connection to remote host was lost.","timestamp":"2026-08-25 23:52:45,351+0530","service":"FyersDataSocket"}
{"level":"ERROR","location":"[<lambda>:1667] data_ws","message":"Connection to remote host was lost.","timestamp":"2026-08-25 23:52:53,129+0530","service":"FyersDataSocket"}
{"level":"ERROR","location":"[<lambda>:1667] data_ws","message":"Connection to remote host was lost.","timestamp":"2026-08-25 23:52:58,818+0530","service":"FyersDataSocket"}
{"level":"ERROR","location":"[<lambda>:1667] data_ws","message":"Connection to remote host was lost.","timestamp":"2026-08-25 23:53:05,349+0530","service":"FyersDataSocket"}
{"level":"ERROR","location":"[<lambda>:1667] data_ws","message":"Connection to remote host was lost.","timestamp":"2026-08-25 23:53:13,132+0530","service":"FyersDataSocket"}
{"level":"ERROR","location":"[<lambda>:1667] data_ws","message":"Connection to remote host was lost.","timestamp":"2026-08-25 23:53:21,031+0530","service":"FyersDataSocket"}
{"level":"ERROR","location":"[<lambda>:1667] data_ws","message":"Connection to remote host was lost.","timestamp":"2026-08-25 23:53:31,038+0530","service":"FyersDataSocket"}
{"level":"ERROR","location":"[<lambda>:1667] data_ws","message":"Connection to remote host was lost.","timestamp":"2026-08-25 23:53:34,057+0530","service":"FyersDataSocket"}
{"level":"ERROR","location":"[<lambda>:1667] data_ws","message":"Connection to remote host was lost.","timestamp":"2026-08-25 23:53:40,151+0530","service":"FyersDataSocket"}
{"level":"ERROR","location":"[<lambda>:1667] data_ws","message":"Connection to remote host was lost.","timestamp":"2026-08-25 23:53:48,869+0530","service":"FyersDataSocket"}
{"level":"ERROR","location":"[<lambda>:1667] data_ws","message":"Connection to remote host was lost.","timestamp":"2026-08-25 23:53:57,929+0530","service":"FyersDataSocket"}
{"level":"ERROR","location":"[<lambda>:1667] data_ws","message":"Connection to remote host was lost.","timestamp":"2026-08-25 23:54:03,138+0530","service":"FyersDataSocket"}
{"level":"ERROR","location":"[<lambda>:1667] data_ws","message":"Connection to remote host was lost.","timestamp":"2026-08-25 23:54:13,133+0530","service":"FyersDataSocket"}
{"level":"ERROR","location":"[<lambda>:1667] data_ws","message":"Connection to remote host was lost.","timestamp":"2026-08-25 23:54:25,354+0530","service":"FyersDataSocket"}
{"level":"ERROR","location":"[<lambda>:1667] data_ws","message":"Connection to remote host was lost.","timestamp":"2026-08-25 23:54:49,936+0530","service":"FyersDataSocket"}
{"level":"ERROR","location":"[<lambda>:1667] data_ws","message":"Connection to remote host was lost.","timestamp":"2026-08-25 23:54:57,869+0530","service":"FyersDataSocket"}
{"level":"ERROR","location":"[<lambda>:1667] data_ws","message":"Connection to remote host was lost.","timestamp":"2026-08-25 23:55:03,136+0530","service":"FyersDataSocket"}
{"level":"ERROR","location":"[<lambda>:1667] data_ws","message":"Connection to remote host was lost.","timestamp":"2026-08-25 23:55:09,934+0530","service":"FyersDataSocket"}
{"level":"ERROR","location":"[<lambda>:1667] data_ws","message":"Connection to remote host was lost.","timestamp":"2026-08-25 23:55:17,872+0530","service":"FyersDataSocket"}
{"level":"ERROR","location":"[<lambda>:1667] data_ws","message":"Connection to remote host was lost.","timestamp":"2026-08-25 23:55:25,357+0530","service":"FyersDataSocket"}
{"level":"ERROR","location":"[<lambda>:1667] data_ws","message":"Connection to remote host was lost.","timestamp":"2026-08-25 23:55:35,356+0530","service":"FyersDataSocket"}
{"level":"ERROR","location":"[<lambda>:1667] data_ws","message":"Connection to remote host was lost.","timestamp":"2026-08-25 23:55:43,984+0530","service":"FyersDataSocket"}
{"level":"ERROR","location":"[<lambda>:1667] data_ws","message":"Connection to remote host was lost.","timestamp":"2026-08-25 23:55:45,011+0530","service":"FyersDataSocket"}
{"level":"ERROR","location":"[<lambda>:1667] data_ws","message":"Connection to remote host was lost.","timestamp":"2026-08-25 23:55:53,148+0530","service":"FyersDataSocket"}
{"level":"ERROR","location":"[<lambda>:1667] data_ws","message":"Connection to remote host was lost.","timestamp":"2026-08-25 23:56:02,671+0530","service":"FyersDataSocket"}
{"level":"ERROR","location":"[<lambda>:1667] data_ws","message":"Connection to remote host was lost.","timestamp":"2026-08-25 23:56:07,882+0530","service":"FyersDataSocket"}
{"level":"ERROR","location":"[<lambda>:1667] data_ws","message":"Connection to remote host was lost.","timestamp":"2026-08-25 23:56:17,882+0530","service":"FyersDataSocket"}
{"level":"ERROR","location":"[<lambda>:1667] data_ws","message":"Connection to remote host was lost.","timestamp":"2026-08-25 23:56:29,944+0530","service":"FyersDataSocket"}
{"level":"ERROR","location":"[<lambda>:1667] data_ws","message":"Connection to remote host was lost.","timestamp":"2026-08-25 23:56:54,512+0530","service":"FyersDataSocket"}
{"level":"ERROR","location":"[<lambda>:1667] data_ws","message":"Connection to remote host was lost.","timestamp":"2026-08-25 23:57:02,679+0530","service":"FyersDataSocket"}
{"level":"ERROR","location":"[<lambda>:1667] data_ws","message":"Connection to remote host was lost.","timestamp":"2026-08-25 23:57:07,884+0530","service":"FyersDataSocket"}
{"level":"ERROR","location":"[<lambda>:1667] data_ws","message":"Connection to remote host was lost.","timestamp":"2026-08-25 23:57:14,516+0530","service":"FyersDataSocket"}
{"level":"ERROR","location":"[<lambda>:1667] data_ws","message":"Connection to remote host was lost.","timestamp":"2026-08-25 23:57:22,680+0530","service":"FyersDataSocket"}
{"level":"ERROR","location":"[<lambda>:1667] data_ws","message":"Connection to remote host was lost.","timestamp":"2026-08-25 23:57:29,952+0530","service":"FyersDataSocket"}
{"level":"ERROR","location":"[<lambda>:1667] data_ws","message":"Connection to remote host was lost.","timestamp":"2026-08-25 23:57:39,949+0530","service":"FyersDataSocket"}
{"level":"ERROR","location":"[<lambda>:1667] data_ws","message":"Connection to remote host was lost.","timestamp":"2026-08-25 23:57:48,937+0530","service":"FyersDataSocket"}
{"level":"ERROR","location":"[<lambda>:1667] data_ws","message":"Connection to remote host was lost.","timestamp":"2026-08-25 23:57:54,514+0530","service":"FyersDataSocket"}
{"level":"ERROR","location":"[<lambda>:1667] data_ws","message":"Connection to remote host was lost.","timestamp":"2026-08-25 23:57:58,076+0530","service":"FyersDataSocket"}
{"level":"ERROR","location":"[<lambda>:1667] data_ws","message":"Connection to remote host was lost.","timestamp":"2026-08-25 23:58:06,906+0530","service":"FyersDataSocket"}
{"level":"ERROR","location":"[<lambda>:1667] data_ws","message":"Connection to remote host was lost.","timestamp":"2026-08-25 23:58:12,679+0530","service":"FyersDataSocket"}
{"level":"ERROR","location":"[<lambda>:1667] data_ws","message":"Connection to remote host was lost.","timestamp":"2026-08-25 23:58:22,679+0530","service":"FyersDataSocket"}
{"level":"ERROR","location":"[<lambda>:1667] data_ws","message":"Connection to remote host was lost.","timestamp":"2026-08-25 23:58:34,517+0530","service":"FyersDataSocket"}
{"level":"ERROR","location":"[<lambda>:1667] data_ws","message":"Connection to remote host was lost.","timestamp":"2026-08-25 23:58:58,944+0530","service":"FyersDataSocket"}
{"level":"ERROR","location":"[<lambda>:1667] data_ws","message":"Connection to remote host was lost.","timestamp":"2026-08-25 23:59:06,912+0530","service":"FyersDataSocket"}
{"level":"ERROR","location":"[<lambda>:1667] data_ws","message":"Connection to remote host was lost.","timestamp":"2026-08-25 23:59:12,687+0530","service":"FyersDataSocket"}
{"level":"ERROR","location":"[<lambda>:1667] data_ws","message":"Connection to remote host was lost.","timestamp":"2026-08-25 23:59:18,953+0530","service":"FyersDataSocket"}
{"level":"ERROR","location":"[<lambda>:1667] data_ws","message":"Connection to remote host was lost.","timestamp":"2026-08-25 23:59:26,926+0530","service":"FyersDataSocket"}
{"level":"ERROR","location":"[<lambda>:1667] data_ws","message":"Connection to remote host was lost.","timestamp":"2026-08-25 23:59:34,526+0530","service":"FyersDataSocket"}
{"level":"ERROR","location":"[<lambda>:1667] data_ws","message":"Connection to remote host was lost.","timestamp":"2026-08-25 23:59:44,529+0530","service":"FyersDataSocket"}
{"level":"ERROR","location":"[<lambda>:1667] data_ws","message":"Connection to remote host was lost.","timestamp":"2026-08-25 23:59:53,086+0530","service":"FyersDataSocket"}
{"level":"ERROR","location":"[<lambda>:1667] data_ws","message":"Connection to remote host was lost.","timestamp":"2026-08-25 23:59:58,951+0530","service":"FyersDataSocket"}
{"level":"ERROR","location":"[<lambda>:1667] data_ws","message":"Connection to remote host was lost.","timestamp":"2026-08-26 00:00:07,869+0530","service":"FyersDataSocket"}
{"level":"ERROR","location":"[<lambda>:1667] data_ws","message":"Connection to remote host was lost.","timestamp":"2026-08-26 00:00:11,294+0530","service":"FyersDataSocket"}
{"level":"ERROR","location":"[<lambda>:1667] data_ws","message":"Connection to remote host was lost.","timestamp":"2026-08-26 00:00:16,925+0530","service":"FyersDataSocket"}
{"level":"ERROR","location":"[<lambda>:1667] data_ws","message":"Connection to remote host was lost.","timestamp":"2026-08-26 00:00:26,922+0530","service":"FyersDataSocket"}
{"level":"ERROR","location":"[<lambda>:1667] data_ws","message":"Connection to remote host was lost.","timestamp":"2026-08-26 00:00:38,956+0530","service":"FyersDataSocket"}
{"level":"ERROR","location":"[<lambda>:1667] data_ws","message":"Connection to remote host was lost.","timestamp":"2026-08-26 00:01:03,066+0530","service":"FyersDataSocket"}
{"level":"ERROR","location":"[<lambda>:1667] data_ws","message":"Connection to remote host was lost.","timestamp":"2026-08-26 00:01:08,957+0530","service":"FyersDataSocket"}
{"level":"ERROR","location":"[<lambda>:1667] data_ws","message":"Connection to remote host was lost.","timestamp":"2026-08-26 00:01:16,930+0530","service":"FyersDataSocket"}
{"level":"ERROR","location":"[<lambda>:1667] data_ws","message":"Connection to remote host was lost.","timestamp":"2026-08-26 00:01:23,059+0530","service":"FyersDataSocket"}
{"level":"ERROR","location":"[<lambda>:1667] data_ws","message":"Connection to remote host was lost.","timestamp":"2026-08-26 00:01:28,965+0530","service":"FyersDataSocket"}
{"level":"ERROR","location":"[<lambda>:1667] data_ws","message":"Connection to remote host was lost.","timestamp":"2026-08-26 00:01:38,959+0530","service":"FyersDataSocket"}
{"level":"ERROR","location":"[<lambda>:1667] data_ws","message":"Connection to remote host was lost.","timestamp":"2026-08-26 00:01:48,959+0530","service":"FyersDataSocket"}
{"level":"ERROR","location":"[<lambda>:1667] data_ws","message":"Connection to remote host was lost.","timestamp":"2026-08-26 00:01:57,979+0530","service":"FyersDataSocket"}
{"level":"ERROR","location":"[<lambda>:1667] data_ws","message":"Connection to remote host was lost.","timestamp":"2026-08-26 00:02:03,066+0530","service":"FyersDataSocket"}
{"level":"ERROR","location":"[<lambda>:1667] data_ws","message":"Connection to remote host was lost.","timestamp":"2026-08-26 00:02:12,123+0530","service":"FyersDataSocket"}
{"level":"ERROR","location":"[<lambda>:1667] data_ws","message":"Connection to remote host was lost.","timestamp":"2026-08-26 00:02:19,715+0530","service":"FyersDataSocket"}
{"level":"ERROR","location":"[<lambda>:1667] data_ws","message":"Connection to remote host was lost.","timestamp":"2026-08-26 00:02:21,415+0530","service":"FyersDataSocket"}
{"level":"ERROR","location":"[<lambda>:1667] data_ws","message":"Connection to remote host was lost.","timestamp":"2026-08-26 00:02:31,446+0530","service":"FyersDataSocket"}
{"level":"ERROR","location":"[<lambda>:1667] data_ws","message":"Connection to remote host was lost.","timestamp":"2026-08-26 00:02:43,039+0530","service":"FyersDataSocket"}
{"level":"ERROR","location":"[<lambda>:1667] data_ws","message":"Connection to remote host was lost.","timestamp":"2026-08-26 00:03:07,987+0530","service":"FyersDataSocket"}
{"level":"ERROR","location":"[<lambda>:1667] data_ws","message":"Connection to remote host was lost.","timestamp":"2026-08-26 00:03:13,046+0530","service":"FyersDataSocket"}
{"level":"ERROR","location":"[<lambda>:1667] data_ws","message":"Connection to remote host was lost.","timestamp":"2026-08-26 00:03:21,453+0530","service":"FyersDataSocket"}
{"level":"ERROR","location":"[<lambda>:1667] data_ws","message":"Connection to remote host was lost.","timestamp":"2026-08-26 00:03:27,991+0530","service":"FyersDataSocket"}
{"level":"ERROR","location":"[<lambda>:1667] data_ws","message":"Connection to remote host was lost.","timestamp":"2026-08-26 00:03:33,046+0530","service":"FyersDataSocket"}
{"level":"ERROR","location":"[<lambda>:1667] data_ws","message":"Connection to remote host was lost.","timestamp":"2026-08-26 00:03:43,049+0530","service":"FyersDataSocket"}
{"level":"ERROR","location":"[<lambda>:1667] data_ws","message":"Connection to remote host was lost.","timestamp":"2026-08-26 00:03:53,050+0530","service":"FyersDataSocket"}
{"level":"ERROR","location":"[<lambda>:1667] data_ws","message":"Connection to remote host was lost.","timestamp":"2026-08-26 00:04:02,241+0530","service":"FyersDataSocket"}
{"level":"ERROR","location":"[<lambda>:1667] data_ws","message":"Connection to remote host was lost.","timestamp":"2026-08-26 00:04:07,991+0530","service":"FyersDataSocket"}
{"level":"ERROR","location":"[<lambda>:1667] data_ws","message":"Connection to remote host was lost.","timestamp":"2026-08-26 00:04:16,790+0530","service":"FyersDataSocket"}
{"level":"ERROR","location":"[<lambda>:1667] data_ws","message":"Connection to remote host was lost.","timestamp":"2026-08-26 00:04:24,582+0530","service":"FyersDataSocket"}
{"level":"ERROR","location":"[<lambda>:1667] data_ws","message":"Connection to remote host was lost.","timestamp":"2026-08-26 00:04:29,737+0530","service":"FyersDataSocket"}
{"level":"ERROR","location":"[<lambda>:1667] data_ws","message":"Connection to remote host was lost.","timestamp":"2026-08-26 00:04:31,637+0530","service":"FyersDataSocket"}
{"level":"ERROR","location":"[<lambda>:1667] data_ws","message":"Connection to remote host was lost.","timestamp":"2026-08-26 00:04:47,994+0530","service":"FyersDataSocket"}
{"level":"ERROR","location":"[<lambda>:1667] data_ws","message":"Connection to remote host was lost.","timestamp":"2026-08-26 00:05:12,093+0530","service":"FyersDataSocket"}
{"level":"ERROR","location":"[<lambda>:1667] data_ws","message":"Connection to remote host was lost.","timestamp":"2026-08-26 00:05:17,996+0530","service":"FyersDataSocket"}
{"level":"ERROR","location":"[<lambda>:1667] data_ws","message":"Connection to remote host was lost.","timestamp":"2026-08-26 00:05:26,409+0530","service":"FyersDataSocket"}
{"level":"ERROR","location":"[<lambda>:1667] data_ws","message":"Connection to remote host was lost.","timestamp":"2026-08-26 00:05:32,099+0530","service":"FyersDataSocket"}
{"level":"ERROR","location":"[<lambda>:1667] data_ws","message":"Connection to remote host was lost.","timestamp":"2026-08-26 00:05:38,158+0530","service":"FyersDataSocket"}
{"level":"ERROR","location":"[<lambda>:1667] data_ws","message":"Connection to remote host was lost.","timestamp":"2026-08-26 00:05:47,998+0530","service":"FyersDataSocket"}
{"level":"ERROR","location":"[<lambda>:1667] data_ws","message":"Connection to remote host was lost.","timestamp":"2026-08-26 00:05:57,996+0530","service":"FyersDataSocket"}
{"level":"ERROR","location":"[<lambda>:1667] data_ws","message":"Connection to remote host was lost.","timestamp":"2026-08-26 00:06:06,797+0530","service":"FyersDataSocket"}
{"level":"ERROR","location":"[<lambda>:1667] data_ws","message":"Connection to remote host was lost.","timestamp":"2026-08-26 00:06:12,289+0530","service":"FyersDataSocket"}
{"level":"ERROR","location":"[<lambda>:1667] data_ws","message":"Connection to remote host was lost.","timestamp":"2026-08-26 00:06:18,002+0530","service":"FyersDataSocket"}
{"level":"ERROR","location":"[<lambda>:1667] data_ws","message":"Connection to remote host was lost.","timestamp":"2026-08-26 00:06:28,007+0530","service":"FyersDataSocket"}
{"level":"ERROR","location":"[<lambda>:1667] data_ws","message":"Connection to remote host was lost.","timestamp":"2026-08-26 00:06:34,593+0530","service":"FyersDataSocket"}
{"level":"ERROR","location":"[<lambda>:1667] data_ws","message":"Connection to remote host was lost.","timestamp":"2026-08-26 00:06:36,420+0530","service":"FyersDataSocket"}
{"level":"ERROR","location":"[<lambda>:1667] data_ws","message":"Connection to remote host was lost.","timestamp":"2026-08-26 00:06:52,294+0530","service":"FyersDataSocket"}
{"level":"ERROR","location":"[<lambda>:1667] data_ws","message":"Connection to remote host was lost.","timestamp":"2026-08-26 00:07:16,874+0530","service":"FyersDataSocket"}
{"level":"ERROR","location":"[<lambda>:1667] data_ws","message":"Connection to remote host was lost.","timestamp":"2026-08-26 00:07:22,289+0530","service":"FyersDataSocket"}
{"level":"ERROR","location":"[<lambda>:1667] data_ws","message":"Connection to remote host was lost.","timestamp":"2026-08-26 00:07:29,793+0530","service":"FyersDataSocket"}
{"level":"ERROR","location":"[<lambda>:1667] data_ws","message":"Connection to remote host was lost.","timestamp":"2026-08-26 00:07:36,872+0530","service":"FyersDataSocket"}
{"level":"ERROR","location":"[<lambda>:1667] data_ws","message":"Connection to remote host was lost.","timestamp":"2026-08-26 00:07:42,293+0530","service":"FyersDataSocket"}
{"level":"ERROR","location":"[<lambda>:1667] data_ws","message":"Connection to remote host was lost.","timestamp":"2026-08-26 00:07:52,292+0530","service":"FyersDataSocket"}
{"level":"ERROR","location":"[<lambda>:1667] data_ws","message":"Connection to remote host was lost.","timestamp":"2026-08-26 00:08:02,292+0530","service":"FyersDataSocket"}
{"level":"ERROR","location":"[<lambda>:1667] data_ws","message":"Connection to remote host was lost.","timestamp":"2026-08-26 00:08:11,566+0530","service":"FyersDataSocket"}
{"level":"ERROR","location":"[<lambda>:1667] data_ws","message":"Connection to remote host was lost.","timestamp":"2026-08-26 00:08:17,247+0530","service":"FyersDataSocket"}
{"level":"ERROR","location":"[<lambda>:1667] data_ws","message":"Connection to remote host was lost.","timestamp":"2026-08-26 00:08:22,300+0530","service":"FyersDataSocket"}
{"level":"ERROR","location":"[<lambda>:1667] data_ws","message":"Connection to remote host was lost.","timestamp":"2026-08-26 00:08:32,292+0530","service":"FyersDataSocket"}
{"level":"ERROR","location":"[<lambda>:1667] data_ws","message":"Connection to remote host was lost.","timestamp":"2026-08-26 00:08:38,007+0530","service":"FyersDataSocket"}
{"level":"ERROR","location":"[<lambda>:1667] data_ws","message":"Connection to remote host was lost.","timestamp":"2026-08-26 00:08:46,611+0530","service":"FyersDataSocket"}
{"level":"ERROR","location":"[<lambda>:1667] data_ws","message":"Connection to remote host was lost.","timestamp":"2026-08-26 00:08:57,254+0530","service":"FyersDataSocket"}
{"level":"ERROR","location":"[<lambda>:1667] data_ws","message":"Connection to remote host was lost.","timestamp":"2026-08-26 00:09:21,572+0530","service":"FyersDataSocket"}
{"level":"ERROR","location":"[<lambda>:1667] data_ws","message":"Connection to remote host was lost.","timestamp":"2026-08-26 00:09:27,260+0530","service":"FyersDataSocket"}
{"level":"ERROR","location":"[<lambda>:1667] data_ws","message":"Connection to remote host was lost.","timestamp":"2026-08-26 00:09:34,607+0530","service":"FyersDataSocket"}
{"level":"ERROR","location":"[<lambda>:1667] data_ws","message":"Connection to remote host was lost.","timestamp":"2026-08-26 00:09:41,596+0530","service":"FyersDataSocket"}
{"level":"ERROR","location":"[<lambda>:1667] data_ws","message":"Connection to remote host was lost.","timestamp":"2026-08-26 00:09:47,259+0530","service":"FyersDataSocket"}
{"level":"ERROR","location":"[<lambda>:1667] data_ws","message":"Connection to remote host was lost.","timestamp":"2026-08-26 00:09:57,263+0530","service":"FyersDataSocket"}
{"level":"ERROR","location":"[<lambda>:1667] data_ws","message":"Connection to remote host was lost.","timestamp":"2026-08-26 00:10:07,263+0530","service":"FyersDataSocket"}
{"level":"ERROR","location":"[<lambda>:1667] data_ws","message":"Connection to remote host was lost.","timestamp":"2026-08-26 00:10:16,437+0530","service":"FyersDataSocket"}
{"level":"ERROR","location":"[<lambda>:1667] data_ws","message":"Connection to remote host was lost.","timestamp":"2026-08-26 00:10:21,982+0530","service":"FyersDataSocket"}
{"level":"ERROR","location":"[<lambda>:1667] data_ws","message":"Connection to remote host was lost.","timestamp":"2026-08-26 00:10:27,265+0530","service":"FyersDataSocket"}
{"level":"ERROR","location":"[<lambda>:1667] data_ws","message":"Connection to remote host was lost.","timestamp":"2026-08-26 00:10:37,263+0530","service":"FyersDataSocket"}
{"level":"ERROR","location":"[<lambda>:1667] data_ws","message":"Connection to remote host was lost.","timestamp":"2026-08-26 00:10:42,648+0530","service":"FyersDataSocket"}
{"level":"ERROR","location":"[<lambda>:1667] data_ws","message":"Connection to remote host was lost.","timestamp":"2026-08-26 00:10:51,599+0530","service":"FyersDataSocket"}
{"level":"ERROR","location":"[<lambda>:1667] data_ws","message":"Connection to remote host was lost.","timestamp":"2026-08-26 00:11:01,984+0530","service":"FyersDataSocket"}
{"level":"ERROR","location":"[<lambda>:1667] data_ws","message":"Connection to remote host was lost.","timestamp":"2026-08-26 00:11:26,442+0530","service":"FyersDataSocket"}
{"level":"ERROR","location":"[<lambda>:1667] data_ws","message":"Connection to remote host was lost.","timestamp":"2026-08-26 00:11:31,984+0530","service":"FyersDataSocket"}
{"level":"ERROR","location":"[<lambda>:1667] data_ws","message":"Connection to remote host was lost.","timestamp":"2026-08-26 00:11:38,051+0530","service":"FyersDataSocket"}
{"level":"ERROR","location":"[<lambda>:1667] data_ws","message":"Connection to remote host was lost.","timestamp":"2026-08-26 00:11:46,444+0530","service":"FyersDataSocket"}
{"level":"ERROR","location":"[<lambda>:1667] data_ws","message":"Connection to remote host was lost.","timestamp":"2026-08-26 00:11:51,985+0530","service":"FyersDataSocket"}
{"level":"ERROR","location":"[<lambda>:1667] data_ws","message":"Connection to remote host was lost.","timestamp":"2026-08-26 00:12:01,985+0530","service":"FyersDataSocket"}
{"level":"ERROR","location":"[<lambda>:1667] data_ws","message":"Connection to remote host was lost.","timestamp":"2026-08-26 00:12:11,991+0530","service":"FyersDataSocket"}
{"level":"ERROR","location":"[<lambda>:1667] data_ws","message":"Connection to remote host was lost.","timestamp":"2026-08-26 00:12:19,781+0530","service":"FyersDataSocket"}
{"level":"ERROR","location":"[<lambda>:1667] data_ws","message":"Connection to remote host was lost.","timestamp":"2026-08-26 00:12:26,753+0530","service":"FyersDataSocket"}
{"level":"ERROR","location":"[<lambda>:1667] data_ws","message":"Connection to remote host was lost.","timestamp":"2026-08-26 00:12:31,993+0530","service":"FyersDataSocket"}
{"level":"ERROR","location":"[<lambda>:1667] data_ws","message":"Connection to remote host was lost.","timestamp":"2026-08-26 00:12:41,995+0530","service":"FyersDataSocket"}
{"level":"ERROR","location":"[<lambda>:1667] data_ws","message":"Connection to remote host was lost.","timestamp":"2026-08-26 00:12:47,461+0530","service":"FyersDataSocket"}
{"level":"ERROR","location":"[<lambda>:1667] data_ws","message":"Connection to remote host was lost.","timestamp":"2026-08-26 00:12:56,452+0530","service":"FyersDataSocket"}
{"level":"ERROR","location":"[<lambda>:1667] data_ws","message":"Connection to remote host was lost.","timestamp":"2026-08-26 00:13:07,097+0530","service":"FyersDataSocket"}
{"level":"ERROR","location":"[<lambda>:1667] data_ws","message":"Connection to remote host was lost.","timestamp":"2026-08-26 00:13:27,514+0530","service":"FyersDataSocket"}
{"level":"ERROR","location":"[<lambda>:1667] data_ws","message":"Connection to remote host was lost.","timestamp":"2026-08-26 00:13:36,457+0530","service":"FyersDataSocket"}
{"level":"ERROR","location":"[<lambda>:1667] data_ws","message":"Connection to remote host was lost.","timestamp":"2026-08-26 00:13:41,681+0530","service":"FyersDataSocket"}
{"level":"ERROR","location":"[<lambda>:1667] data_ws","message":"Connection to remote host was lost.","timestamp":"2026-08-26 00:13:47,516+0530","service":"FyersDataSocket"}
{"level":"ERROR","location":"[<lambda>:1667] data_ws","message":"Connection to remote host was lost.","timestamp":"2026-08-26 00:13:56,459+0530","service":"FyersDataSocket"}
{"level":"ERROR","location":"[<lambda>:1667] data_ws","message":"Connection to remote host was lost.","timestamp":"2026-08-26 00:14:06,461+0530","service":"FyersDataSocket"}
{"level":"ERROR","location":"[<lambda>:1667] data_ws","message":"Connection to remote host was lost.","timestamp":"2026-08-26 00:14:16,456+0530","service":"FyersDataSocket"}
{"level":"ERROR","location":"[<lambda>:1667] data_ws","message":"Connection to remote host was lost.","timestamp":"2026-08-26 00:14:24,632+0530","service":"FyersDataSocket"}
{"level":"ERROR","location":"[<lambda>:1667] data_ws","message":"Connection to remote host was lost.","timestamp":"2026-08-26 00:14:31,612+0530","service":"FyersDataSocket"}
{"level":"ERROR","location":"[<lambda>:1667] data_ws","message":"Connection to remote host was lost.","timestamp":"2026-08-26 00:14:36,456+0530","service":"FyersDataSocket"}
{"level":"ERROR","location":"[<lambda>:1667] data_ws","message":"Connection to remote host was lost.","timestamp":"2026-08-26 00:14:46,456+0530","service":"FyersDataSocket"}
{"level":"ERROR","location":"[<lambda>:1667] data_ws","message":"Connection to remote host was lost.","timestamp":"2026-08-26 00:14:51,937+0530","service":"FyersDataSocket"}
{"level":"ERROR","location":"[<lambda>:1667] data_ws","message":"Connection to remote host was lost.","timestamp":"2026-08-26 00:14:57,308+0530","service":"FyersDataSocket"}
{"level":"ERROR","location":"[<lambda>:1667] data_ws","message":"Connection to remote host was lost.","timestamp":"2026-08-26 00:15:11,936+0530","service":"FyersDataSocket"}
{"level":"ERROR","location":"[<lambda>:1667] data_ws","message":"Connection to remote host was lost.","timestamp":"2026-08-26 00:15:32,537+0530","service":"FyersDataSocket"}
{"level":"ERROR","location":"[<lambda>:1667] data_ws","message":"Connection to remote host was lost.","timestamp":"2026-08-26 00:15:37,314+0530","service":"FyersDataSocket"}
{"level":"ERROR","location":"[<lambda>:1667] data_ws","message":"Connection to remote host was lost.","timestamp":"2026-08-26 00:15:46,474+0530","service":"FyersDataSocket"}
{"level":"ERROR","location":"[<lambda>:1667] data_ws","message":"Connection to remote host was lost.","timestamp":"2026-08-26 00:15:52,543+0530","service":"FyersDataSocket"}
{"level":"ERROR","location":"[<lambda>:1667] data_ws","message":"Connection to remote host was lost.","timestamp":"2026-08-26 00:15:57,321+0530","service":"FyersDataSocket"}
{"level":"ERROR","location":"[<lambda>:1667] data_ws","message":"Connection to remote host was lost.","timestamp":"2026-08-26 00:16:07,321+0530","service":"FyersDataSocket"}
{"level":"ERROR","location":"[<lambda>:1667] data_ws","message":"Connection to remote host was lost.","timestamp":"2026-08-26 00:16:17,324+0530","service":"FyersDataSocket"}
{"level":"ERROR","location":"[<lambda>:1667] data_ws","message":"Connection to remote host was lost.","timestamp":"2026-08-26 00:16:27,321+0530","service":"FyersDataSocket"}
{"level":"ERROR","location":"[<lambda>:1667] data_ws","message":"Connection to remote host was lost.","timestamp":"2026-08-26 00:16:36,356+0530","service":"FyersDataSocket"}
{"level":"ERROR","location":"[<lambda>:1667] data_ws","message":"Connection to remote host was lost.","timestamp":"2026-08-26 00:16:46,360+0530","service":"FyersDataSocket"}
{"level":"ERROR","location":"[<lambda>:1667] data_ws","message":"Connection to remote host was lost.","timestamp":"2026-08-26 00:16:49,805+0530","service":"FyersDataSocket"}
{"level":"ERROR","location":"[<lambda>:1667] data_ws","message":"Connection to remote host was lost.","timestamp":"2026-08-26 00:16:56,895+0530","service":"FyersDataSocket"}
{"level":"ERROR","location":"[<lambda>:1667] data_ws","message":"Connection to remote host was lost.","timestamp":"2026-08-26 00:17:01,955+0530","service":"FyersDataSocket"}
{"level":"ERROR","location":"[__datafeed_resp:1261] data_ws","message":"'sf|mcx_fo|565899'","timestamp":"2026-08-26 00:17:02,463+0530","service":"FyersDataSocket","exception":"Traceback (most recent call last):\n  File \"C:\\Users\\HP\\AppData\\Local\\Python\\pythoncore-3.14-64\\Lib\\site-packages\\fyers_apiv3\\FyersWebsocket\\data_ws.py\", line 1157, in __datafeed_resp\n    self.resp[topic_name][\"symbol\"] = self.symbol_token[topic_name]\n                                      ~~~~~~~~~~~~~~~~~^^^^^^^^^^^^\nKeyError: 'sf|mcx_fo|565899'","exception_name":"KeyError"}
{"level":"ERROR","location":"[<lambda>:1667] data_ws","message":"Connection to remote host was lost.","timestamp":"2026-08-26 00:17:16,895+0530","service":"FyersDataSocket"}
{"level":"ERROR","location":"[<lambda>:1667] data_ws","message":"Connection to remote host was lost.","timestamp":"2026-08-26 00:17:37,536+0530","service":"FyersDataSocket"}
{"level":"ERROR","location":"[<lambda>:1667] data_ws","message":"Connection to remote host was lost.","timestamp":"2026-08-26 00:17:47,200+0530","service":"FyersDataSocket"}
{"level":"ERROR","location":"[<lambda>:1667] data_ws","message":"Connection to remote host was lost.","timestamp":"2026-08-26 00:17:49,807+0530","service":"FyersDataSocket"}
{"level":"ERROR","location":"[<lambda>:1667] data_ws","message":"Connection to remote host was lost.","timestamp":"2026-08-26 00:17:57,537+0530","service":"FyersDataSocket"}
{"level":"ERROR","location":"[<lambda>:1667] data_ws","message":"Connection to remote host was lost.","timestamp":"2026-08-26 00:18:07,204+0530","service":"FyersDataSocket"}
{"level":"ERROR","location":"[<lambda>:1667] data_ws","message":"Connection to remote host was lost.","timestamp":"2026-08-26 00:18:11,673+0530","service":"FyersDataSocket"}
{"level":"ERROR","location":"[<lambda>:1667] data_ws","message":"Connection to remote host was lost.","timestamp":"2026-08-26 00:18:21,672+0530","service":"FyersDataSocket"}
{"level":"ERROR","location":"[<lambda>:1667] data_ws","message":"Connection to remote host was lost.","timestamp":"2026-08-26 00:18:31,674+0530","service":"FyersDataSocket"}
{"level":"ERROR","location":"[<lambda>:1667] data_ws","message":"Connection to remote host was lost.","timestamp":"2026-08-26 00:18:39,803+0530","service":"FyersDataSocket"}
{"level":"ERROR","location":"[<lambda>:1667] data_ws","message":"Connection to remote host was lost.","timestamp":"2026-08-26 00:18:49,812+0530","service":"FyersDataSocket"}
{"level":"ERROR","location":"[<lambda>:1667] data_ws","message":"Connection to remote host was lost.","timestamp":"2026-08-26 00:18:59,811+0530","service":"FyersDataSocket"}
{"level":"ERROR","location":"[<lambda>:1667] data_ws","message":"Connection to remote host was lost.","timestamp":"2026-08-26 00:19:01,555+0530","service":"FyersDataSocket"}
{"level":"ERROR","location":"[<lambda>:1667] data_ws","message":"Connection to remote host was lost.","timestamp":"2026-08-26 00:19:02,131+0530","service":"FyersDataSocket"}
{"level":"ERROR","location":"[<lambda>:1667] data_ws","message":"Connection to remote host was lost.","timestamp":"2026-08-26 00:19:21,557+0530","service":"FyersDataSocket"}
{"level":"ERROR","location":"[<lambda>:1667] data_ws","message":"Connection to remote host was lost.","timestamp":"2026-08-26 00:19:41,560+0530","service":"FyersDataSocket"}
{"level":"ERROR","location":"[<lambda>:1667] data_ws","message":"Connection to remote host was lost.","timestamp":"2026-08-26 00:19:51,559+0530","service":"FyersDataSocket"}
{"level":"ERROR","location":"[<lambda>:1667] data_ws","message":"Connection to remote host was lost.","timestamp":"2026-08-26 00:19:59,815+0530","service":"FyersDataSocket"}
{"level":"ERROR","location":"[<lambda>:1667] data_ws","message":"Connection to remote host was lost.","timestamp":"2026-08-26 00:20:02,397+0530","service":"FyersDataSocket"}
{"level":"ERROR","location":"[<lambda>:1667] data_ws","message":"Connection to remote host was lost.","timestamp":"2026-08-26 00:20:11,567+0530","service":"FyersDataSocket"}
{"level":"ERROR","location":"[<lambda>:1667] data_ws","message":"Connection to remote host was lost.","timestamp":"2026-08-26 00:20:21,560+0530","service":"FyersDataSocket"}
{"level":"ERROR","location":"[<lambda>:1667] data_ws","message":"Connection to remote host was lost.","timestamp":"2026-08-26 00:20:26,379+0530","service":"FyersDataSocket"}
{"level":"ERROR","location":"[<lambda>:1667] data_ws","message":"Connection to remote host was lost.","timestamp":"2026-08-26 00:20:36,375+0530","service":"FyersDataSocket"}
{"level":"ERROR","location":"[<lambda>:1667] data_ws","message":"Connection to remote host was lost.","timestamp":"2026-08-26 00:20:44,776+0530","service":"FyersDataSocket"}
{"level":"ERROR","location":"[<lambda>:1667] data_ws","message":"Connection to remote host was lost.","timestamp":"2026-08-26 00:20:54,769+0530","service":"FyersDataSocket"}
{"level":"ERROR","location":"[<lambda>:1667] data_ws","message":"Connection to remote host was lost.","timestamp":"2026-08-26 00:21:04,763+0530","service":"FyersDataSocket"}
{"level":"ERROR","location":"[<lambda>:1667] data_ws","message":"Connection to remote host was lost.","timestamp":"2026-08-26 00:21:11,559+0530","service":"FyersDataSocket"}
{"level":"ERROR","location":"[<lambda>:1667] data_ws","message":"Connection to remote host was lost.","timestamp":"2026-08-26 00:21:16,376+0530","service":"FyersDataSocket"}
{"level":"ERROR","location":"[<lambda>:1667] data_ws","message":"Connection to remote host was lost.","timestamp":"2026-08-26 00:21:26,393+0530","service":"FyersDataSocket"}
{"level":"ERROR","location":"[<lambda>:1667] data_ws","message":"Connection to remote host was lost.","timestamp":"2026-08-26 00:21:46,380+0530","service":"FyersDataSocket"}
{"level":"ERROR","location":"[<lambda>:1667] data_ws","message":"Connection to remote host was lost.","timestamp":"2026-08-26 00:21:56,380+0530","service":"FyersDataSocket"}
{"level":"ERROR","location":"[<lambda>:1667] data_ws","message":"Connection to remote host was lost.","timestamp":"2026-08-26 00:22:04,778+0530","service":"FyersDataSocket"}
{"level":"ERROR","location":"[<lambda>:1667] data_ws","message":"Connection to remote host was lost.","timestamp":"2026-08-26 00:22:12,382+0530","service":"FyersDataSocket"}
{"level":"ERROR","location":"[<lambda>:1667] data_ws","message":"Connection to remote host was lost.","timestamp":"2026-08-26 00:22:16,382+0530","service":"FyersDataSocket"}
{"level":"ERROR","location":"[<lambda>:1667] data_ws","message":"Connection to remote host was lost.","timestamp":"2026-08-26 00:22:26,399+0530","service":"FyersDataSocket"}
{"level":"ERROR","location":"[<lambda>:1667] data_ws","message":"Connection to remote host was lost.","timestamp":"2026-08-26 00:22:36,386+0530","service":"FyersDataSocket"}
{"level":"ERROR","location":"[<lambda>:1667] data_ws","message":"Connection to remote host was lost.","timestamp":"2026-08-26 00:22:39,827+0530","service":"FyersDataSocket"}
{"level":"ERROR","location":"[<lambda>:1667] data_ws","message":"Connection to remote host was lost.","timestamp":"2026-08-26 00:22:47,735+0530","service":"FyersDataSocket"}
{"level":"ERROR","location":"[<lambda>:1667] data_ws","message":"Connection to remote host was lost.","timestamp":"2026-08-26 00:22:57,734+0530","service":"FyersDataSocket"}
{"level":"ERROR","location":"[<lambda>:1667] data_ws","message":"Connection to remote host was lost.","timestamp":"2026-08-26 00:23:07,737+0530","service":"FyersDataSocket"}
{"level":"ERROR","location":"[<lambda>:1667] data_ws","message":"Connection to remote host was lost.","timestamp":"2026-08-26 00:23:16,391+0530","service":"FyersDataSocket"}
{"level":"ERROR","location":"[<lambda>:1667] data_ws","message":"Connection to remote host was lost.","timestamp":"2026-08-26 00:23:26,423+0530","service":"FyersDataSocket"}
{"level":"ERROR","location":"[<lambda>:1667] data_ws","message":"Connection to remote host was lost.","timestamp":"2026-08-26 00:23:26,542+0530","service":"FyersDataSocket"}
{"level":"ERROR","location":"[<lambda>:1667] data_ws","message":"Connection to remote host was lost.","timestamp":"2026-08-26 00:23:49,942+0530","service":"FyersDataSocket"}
{"level":"ERROR","location":"[<lambda>:1667] data_ws","message":"Connection to remote host was lost.","timestamp":"2026-08-26 00:23:59,946+0530","service":"FyersDataSocket"}
{"level":"ERROR","location":"[<lambda>:1667] data_ws","message":"Connection to remote host was lost.","timestamp":"2026-08-26 00:24:07,742+0530","service":"FyersDataSocket"}
{"level":"ERROR","location":"[<lambda>:1667] data_ws","message":"Connection to remote host was lost.","timestamp":"2026-08-26 00:24:17,302+0530","service":"FyersDataSocket"}
{"level":"ERROR","location":"[<lambda>:1667] data_ws","message":"Connection to remote host was lost.","timestamp":"2026-08-26 00:24:24,790+0530","service":"FyersDataSocket"}
{"level":"ERROR","location":"[<lambda>:1667] data_ws","message":"Connection to remote host was lost.","timestamp":"2026-08-26 00:24:26,531+0530","service":"FyersDataSocket"}
{"level":"ERROR","location":"[<lambda>:1667] data_ws","message":"Connection to remote host was lost.","timestamp":"2026-08-26 00:24:39,963+0530","service":"FyersDataSocket"}
{"level":"ERROR","location":"[<lambda>:1667] data_ws","message":"Connection to remote host was lost.","timestamp":"2026-08-26 00:24:47,744+0530","service":"FyersDataSocket"}
{"level":"ERROR","location":"[<lambda>:1667] data_ws","message":"Connection to remote host was lost.","timestamp":"2026-08-26 00:24:52,723+0530","service":"FyersDataSocket"}
{"level":"ERROR","location":"[<lambda>:1667] data_ws","message":"Connection to remote host was lost.","timestamp":"2026-08-26 00:25:02,716+0530","service":"FyersDataSocket"}
{"level":"ERROR","location":"[<lambda>:1667] data_ws","message":"Connection to remote host was lost.","timestamp":"2026-08-26 00:25:12,714+0530","service":"FyersDataSocket"}
{"level":"ERROR","location":"[<lambda>:1667] data_ws","message":"Connection to remote host was lost.","timestamp":"2026-08-26 00:25:20,030+0530","service":"FyersDataSocket"}
{"level":"ERROR","location":"[<lambda>:1667] data_ws","message":"Connection to remote host was lost.","timestamp":"2026-08-26 00:25:30,030+0530","service":"FyersDataSocket"}
{"level":"ERROR","location":"[<lambda>:1667] data_ws","message":"Connection to remote host was lost.","timestamp":"2026-08-26 00:25:34,796+0530","service":"FyersDataSocket"}
{"level":"ERROR","location":"[<lambda>:1667] data_ws","message":"Connection to remote host was lost.","timestamp":"2026-08-26 00:25:54,799+0530","service":"FyersDataSocket"}
{"level":"ERROR","location":"[<lambda>:1667] data_ws","message":"Connection to remote host was lost.","timestamp":"2026-08-26 00:26:04,796+0530","service":"FyersDataSocket"}
{"level":"ERROR","location":"[<lambda>:1667] data_ws","message":"Connection to remote host was lost.","timestamp":"2026-08-26 00:26:12,757+0530","service":"FyersDataSocket"}
{"level":"ERROR","location":"[<lambda>:1667] data_ws","message":"Connection to remote host was lost.","timestamp":"2026-08-26 00:26:21,936+0530","service":"FyersDataSocket"}
{"level":"ERROR","location":"[<lambda>:1667] data_ws","message":"Connection to remote host was lost.","timestamp":"2026-08-26 00:26:27,756+0530","service":"FyersDataSocket"}
{"level":"ERROR","location":"[<lambda>:1667] data_ws","message":"Connection to remote host was lost.","timestamp":"2026-08-26 00:26:35,128+0530","service":"FyersDataSocket"}
{"level":"ERROR","location":"[<lambda>:1667] data_ws","message":"Connection to remote host was lost.","timestamp":"2026-08-26 00:26:44,802+0530","service":"FyersDataSocket"}
{"level":"ERROR","location":"[<lambda>:1667] data_ws","message":"Connection to remote host was lost.","timestamp":"2026-08-26 00:26:52,482+0530","service":"FyersDataSocket"}
{"level":"ERROR","location":"[<lambda>:1667] data_ws","message":"Connection to remote host was lost.","timestamp":"2026-08-26 00:27:02,483+0530","service":"FyersDataSocket"}
{"level":"ERROR","location":"[<lambda>:1667] data_ws","message":"Connection to remote host was lost.","timestamp":"2026-08-26 00:27:07,322+0530","service":"FyersDataSocket"}
{"level":"ERROR","location":"[<lambda>:1667] data_ws","message":"Connection to remote host was lost.","timestamp":"2026-08-26 00:27:17,320+0530","service":"FyersDataSocket"}
{"level":"ERROR","location":"[<lambda>:1667] data_ws","message":"Connection to remote host was lost.","timestamp":"2026-08-26 00:27:24,801+0530","service":"FyersDataSocket"}
{"level":"ERROR","location":"[<lambda>:1667] data_ws","message":"Connection to remote host was lost.","timestamp":"2026-08-26 00:27:34,803+0530","service":"FyersDataSocket"}
{"level":"ERROR","location":"[<lambda>:1667] data_ws","message":"Connection to remote host was lost.","timestamp":"2026-08-26 00:27:44,801+0530","service":"FyersDataSocket"}
{"level":"ERROR","location":"[<lambda>:1667] data_ws","message":"Connection to remote host was lost.","timestamp":"2026-08-26 00:27:57,882+0530","service":"FyersDataSocket"}
{"level":"ERROR","location":"[<lambda>:1667] data_ws","message":"Connection to remote host was lost.","timestamp":"2026-08-26 00:28:07,884+0530","service":"FyersDataSocket"}
{"level":"ERROR","location":"[<lambda>:1667] data_ws","message":"Connection to remote host was lost.","timestamp":"2026-08-26 00:28:17,325+0530","service":"FyersDataSocket"}
{"level":"ERROR","location":"[<lambda>:1667] data_ws","message":"Connection to remote host was lost.","timestamp":"2026-08-26 00:28:26,697+0530","service":"FyersDataSocket"}
{"level":"ERROR","location":"[<lambda>:1667] data_ws","message":"Connection to remote host was lost.","timestamp":"2026-08-26 00:28:32,486+0530","service":"FyersDataSocket"}
{"level":"ERROR","location":"[<lambda>:1667] data_ws","message":"Connection to remote host was lost.","timestamp":"2026-08-26 00:28:39,989+0530","service":"FyersDataSocket"}
{"level":"ERROR","location":"[<lambda>:1667] data_ws","message":"Connection to remote host was lost.","timestamp":"2026-08-26 00:28:47,923+0530","service":"FyersDataSocket"}
{"level":"ERROR","location":"[<lambda>:1667] data_ws","message":"Connection to remote host was lost.","timestamp":"2026-08-26 00:28:57,179+0530","service":"FyersDataSocket"}
{"level":"ERROR","location":"[<lambda>:1667] data_ws","message":"Connection to remote host was lost.","timestamp":"2026-08-26 00:29:07,181+0530","service":"FyersDataSocket"}
{"level":"ERROR","location":"[<lambda>:1667] data_ws","message":"Connection to remote host was lost.","timestamp":"2026-08-26 00:29:17,179+0530","service":"FyersDataSocket"}
{"level":"ERROR","location":"[<lambda>:1667] data_ws","message":"Connection to remote host was lost.","timestamp":"2026-08-26 00:29:21,954+0530","service":"FyersDataSocket"}
{"level":"ERROR","location":"[<lambda>:1667] data_ws","message":"Connection to remote host was lost.","timestamp":"2026-08-26 00:29:27,932+0530","service":"FyersDataSocket"}
{"level":"ERROR","location":"[<lambda>:1667] data_ws","message":"Connection to remote host was lost.","timestamp":"2026-08-26 00:29:37,933+0530","service":"FyersDataSocket"}
{"level":"ERROR","location":"[<lambda>:1667] data_ws","message":"Connection to remote host was lost.","timestamp":"2026-08-26 00:29:47,928+0530","service":"FyersDataSocket"}
{"level":"ERROR","location":"[<lambda>:1667] data_ws","message":"Connection to remote host was lost.","timestamp":"2026-08-26 00:30:02,518+0530","service":"FyersDataSocket"}
{"level":"ERROR","location":"[<lambda>:1667] data_ws","message":"Connection to remote host was lost.","timestamp":"2026-08-26 00:30:12,513+0530","service":"FyersDataSocket"}
{"level":"ERROR","location":"[<lambda>:1667] data_ws","message":"Connection to remote host was lost.","timestamp":"2026-08-26 00:30:21,966+0530","service":"FyersDataSocket"}
{"level":"ERROR","location":"[<lambda>:1667] data_ws","message":"Connection to remote host was lost.","timestamp":"2026-08-26 00:30:31,653+0530","service":"FyersDataSocket"}
{"level":"ERROR","location":"[<lambda>:1667] data_ws","message":"Connection to remote host was lost.","timestamp":"2026-08-26 00:30:37,499+0530","service":"FyersDataSocket"}
{"level":"ERROR","location":"[<lambda>:1667] data_ws","message":"Connection to remote host was lost.","timestamp":"2026-08-26 00:30:44,811+0530","service":"FyersDataSocket"}
{"level":"ERROR","location":"[<lambda>:1667] data_ws","message":"Connection to remote host was lost.","timestamp":"2026-08-26 00:30:51,962+0530","service":"FyersDataSocket"}
{"level":"ERROR","location":"[<lambda>:1667] data_ws","message":"Connection to remote host was lost.","timestamp":"2026-08-26 00:31:01,964+0530","service":"FyersDataSocket"}
{"level":"ERROR","location":"[<lambda>:1667] data_ws","message":"Connection to remote host was lost.","timestamp":"2026-08-26 00:31:11,964+0530","service":"FyersDataSocket"}
{"level":"ERROR","location":"[<lambda>:1667] data_ws","message":"Connection to remote host was lost.","timestamp":"2026-08-26 00:31:21,967+0530","service":"FyersDataSocket"}
{"level":"ERROR","location":"[<lambda>:1667] data_ws","message":"Connection to remote host was lost.","timestamp":"2026-08-26 00:31:31,969+0530","service":"FyersDataSocket"}
{"level":"ERROR","location":"[<lambda>:1667] data_ws","message":"Connection to remote host was lost.","timestamp":"2026-08-26 00:31:32,086+0530","service":"FyersDataSocket"}
{"level":"ERROR","location":"[<lambda>:1667] data_ws","message":"Connection to remote host was lost.","timestamp":"2026-08-26 00:31:42,357+0530","service":"FyersDataSocket"}
{"level":"ERROR","location":"[<lambda>:1667] data_ws","message":"Connection to remote host was lost.","timestamp":"2026-08-26 00:31:52,356+0530","service":"FyersDataSocket"}
{"level":"ERROR","location":"[<lambda>:1667] data_ws","message":"Connection to remote host was lost.","timestamp":"2026-08-26 00:32:07,512+0530","service":"FyersDataSocket"}
{"level":"ERROR","location":"[<lambda>:1667] data_ws","message":"Connection to remote host was lost.","timestamp":"2026-08-26 00:32:17,512+0530","service":"FyersDataSocket"}
{"level":"ERROR","location":"[<lambda>:1667] data_ws","message":"Connection to remote host was lost.","timestamp":"2026-08-26 00:32:26,796+0530","service":"FyersDataSocket"}
{"level":"ERROR","location":"[<lambda>:1667] data_ws","message":"Connection to remote host was lost.","timestamp":"2026-08-26 00:32:35,168+0530","service":"FyersDataSocket"}
{"level":"ERROR","location":"[<lambda>:1667] data_ws","message":"Connection to remote host was lost.","timestamp":"2026-08-26 00:32:42,360+0530","service":"FyersDataSocket"}
{"level":"ERROR","location":"[<lambda>:1667] data_ws","message":"Connection to remote host was lost.","timestamp":"2026-08-26 00:32:47,697+0530","service":"FyersDataSocket"}
{"level":"ERROR","location":"[<lambda>:1667] data_ws","message":"Connection to remote host was lost.","timestamp":"2026-08-26 00:32:56,808+0530","service":"FyersDataSocket"}
{"level":"ERROR","location":"[<lambda>:1667] data_ws","message":"Connection to remote host was lost.","timestamp":"2026-08-26 00:33:06,812+0530","service":"FyersDataSocket"}
{"level":"ERROR","location":"[<lambda>:1667] data_ws","message":"Connection to remote host was lost.","timestamp":"2026-08-26 00:33:16,817+0530","service":"FyersDataSocket"}
{"level":"ERROR","location":"[<lambda>:1667] data_ws","message":"Connection to remote host was lost.","timestamp":"2026-08-26 00:33:26,816+0530","service":"FyersDataSocket"}
{"level":"ERROR","location":"[<lambda>:1667] data_ws","message":"Connection to remote host was lost.","timestamp":"2026-08-26 00:33:36,813+0530","service":"FyersDataSocket"}
{"level":"ERROR","location":"[<lambda>:1667] data_ws","message":"Connection to remote host was lost.","timestamp":"2026-08-26 00:33:41,982+0530","service":"FyersDataSocket"}
{"level":"ERROR","location":"[<lambda>:1667] data_ws","message":"Connection to remote host was lost.","timestamp":"2026-08-26 00:33:47,141+0530","service":"FyersDataSocket"}
{"level":"ERROR","location":"[<lambda>:1667] data_ws","message":"Connection to remote host was lost.","timestamp":"2026-08-26 00:33:57,142+0530","service":"FyersDataSocket"}
{"level":"ERROR","location":"[<lambda>:1667] data_ws","message":"Connection to remote host was lost.","timestamp":"2026-08-26 00:34:12,365+0530","service":"FyersDataSocket"}
{"level":"ERROR","location":"[<lambda>:1667] data_ws","message":"Connection to remote host was lost.","timestamp":"2026-08-26 00:34:22,369+0530","service":"FyersDataSocket"}
{"level":"ERROR","location":"[<lambda>:1667] data_ws","message":"Connection to remote host was lost.","timestamp":"2026-08-26 00:34:31,672+0530","service":"FyersDataSocket"}
{"level":"ERROR","location":"[<lambda>:1667] data_ws","message":"Connection to remote host was lost.","timestamp":"2026-08-26 00:34:39,979+0530","service":"FyersDataSocket"}
{"level":"ERROR","location":"[<lambda>:1667] data_ws","message":"Connection to remote host was lost.","timestamp":"2026-08-26 00:34:47,146+0530","service":"FyersDataSocket"}
{"level":"ERROR","location":"[<lambda>:1667] data_ws","message":"Connection to remote host was lost.","timestamp":"2026-08-26 00:34:52,428+0530","service":"FyersDataSocket"}
{"level":"ERROR","location":"[<lambda>:1667] data_ws","message":"Connection to remote host was lost.","timestamp":"2026-08-26 00:35:01,682+0530","service":"FyersDataSocket"}
{"level":"ERROR","location":"[<lambda>:1667] data_ws","message":"Connection to remote host was lost.","timestamp":"2026-08-26 00:35:11,681+0530","service":"FyersDataSocket"}
{"level":"ERROR","location":"[<lambda>:1667] data_ws","message":"Connection to remote host was lost.","timestamp":"2026-08-26 00:35:21,685+0530","service":"FyersDataSocket"}
{"level":"ERROR","location":"[<lambda>:1667] data_ws","message":"Connection to remote host was lost.","timestamp":"2026-08-26 00:35:31,687+0530","service":"FyersDataSocket"}
{"level":"ERROR","location":"[<lambda>:1667] data_ws","message":"Connection to remote host was lost.","timestamp":"2026-08-26 00:35:41,685+0530","service":"FyersDataSocket"}
{"level":"ERROR","location":"[<lambda>:1667] data_ws","message":"Connection to remote host was lost.","timestamp":"2026-08-26 00:35:46,828+0530","service":"FyersDataSocket"}
{"level":"ERROR","location":"[<lambda>:1667] data_ws","message":"Connection to remote host was lost.","timestamp":"2026-08-26 00:35:51,998+0530","service":"FyersDataSocket"}
{"level":"ERROR","location":"[<lambda>:1667] data_ws","message":"Connection to remote host was lost.","timestamp":"2026-08-26 00:36:01,997+0530","service":"FyersDataSocket"}
{"level":"ERROR","location":"[<lambda>:1667] data_ws","message":"Connection to remote host was lost.","timestamp":"2026-08-26 00:36:17,156+0530","service":"FyersDataSocket"}
{"level":"ERROR","location":"[<lambda>:1667] data_ws","message":"Connection to remote host was lost.","timestamp":"2026-08-26 00:36:27,155+0530","service":"FyersDataSocket"}
{"level":"ERROR","location":"[<lambda>:1667] data_ws","message":"Connection to remote host was lost.","timestamp":"2026-08-26 00:36:35,200+0530","service":"FyersDataSocket"}
{"level":"ERROR","location":"[<lambda>:1667] data_ws","message":"Connection to remote host was lost.","timestamp":"2026-08-26 00:36:44,852+0530","service":"FyersDataSocket"}
{"level":"ERROR","location":"[<lambda>:1667] data_ws","message":"Connection to remote host was lost.","timestamp":"2026-08-26 00:36:52,002+0530","service":"FyersDataSocket"}
{"level":"ERROR","location":"[<lambda>:1667] data_ws","message":"Connection to remote host was lost.","timestamp":"2026-08-26 00:36:57,155+0530","service":"FyersDataSocket"}
{"level":"ERROR","location":"[<lambda>:1667] data_ws","message":"Connection to remote host was lost.","timestamp":"2026-08-26 00:37:05,157+0530","service":"FyersDataSocket"}
{"level":"ERROR","location":"[<lambda>:1667] data_ws","message":"Connection to remote host was lost.","timestamp":"2026-08-26 00:37:15,151+0530","service":"FyersDataSocket"}
{"level":"ERROR","location":"[<lambda>:1667] data_ws","message":"Connection to remote host was lost.","timestamp":"2026-08-26 00:37:25,156+0530","service":"FyersDataSocket"}
{"level":"ERROR","location":"[<lambda>:1667] data_ws","message":"Connection to remote host was lost.","timestamp":"2026-08-26 00:37:35,156+0530","service":"FyersDataSocket"}
{"level":"ERROR","location":"[<lambda>:1667] data_ws","message":"Connection to remote host was lost.","timestamp":"2026-08-26 00:37:45,155+0530","service":"FyersDataSocket"}
{"level":"ERROR","location":"[<lambda>:1667] data_ws","message":"Connection to remote host was lost.","timestamp":"2026-08-26 00:37:51,694+0530","service":"FyersDataSocket"}
{"level":"ERROR","location":"[<lambda>:1667] data_ws","message":"Connection to remote host was lost.","timestamp":"2026-08-26 00:37:56,965+0530","service":"FyersDataSocket"}
{"level":"ERROR","location":"[<lambda>:1667] data_ws","message":"Connection to remote host was lost.","timestamp":"2026-08-26 00:38:06,854+0530","service":"FyersDataSocket"}
{"level":"ERROR","location":"[<lambda>:1667] data_ws","message":"Connection to remote host was lost.","timestamp":"2026-08-26 00:38:22,013+0530","service":"FyersDataSocket"}
{"level":"ERROR","location":"[<lambda>:1667] data_ws","message":"Connection to remote host was lost.","timestamp":"2026-08-26 00:38:32,018+0530","service":"FyersDataSocket"}
{"level":"ERROR","location":"[<lambda>:1667] data_ws","message":"Connection to remote host was lost.","timestamp":"2026-08-26 00:38:40,004+0530","service":"FyersDataSocket"}
{"level":"ERROR","location":"[<lambda>:1667] data_ws","message":"Connection to remote host was lost.","timestamp":"2026-08-26 00:38:48,239+0530","service":"FyersDataSocket"}
{"level":"ERROR","location":"[<lambda>:1667] data_ws","message":"Connection to remote host was lost.","timestamp":"2026-08-26 00:38:56,859+0530","service":"FyersDataSocket"}
{"level":"ERROR","location":"[<lambda>:1667] data_ws","message":"Connection to remote host was lost.","timestamp":"2026-08-26 00:39:02,115+0530","service":"FyersDataSocket"}
{"level":"ERROR","location":"[<lambda>:1667] data_ws","message":"Connection to remote host was lost.","timestamp":"2026-08-26 00:39:10,022+0530","service":"FyersDataSocket"}
{"level":"ERROR","location":"[<lambda>:1667] data_ws","message":"Connection to remote host was lost.","timestamp":"2026-08-26 00:39:20,028+0530","service":"FyersDataSocket"}
{"level":"ERROR","location":"[<lambda>:1667] data_ws","message":"Connection to remote host was lost.","timestamp":"2026-08-26 00:39:30,028+0530","service":"FyersDataSocket"}
{"level":"ERROR","location":"[<lambda>:1667] data_ws","message":"Connection to remote host was lost.","timestamp":"2026-08-26 00:39:40,027+0530","service":"FyersDataSocket"}
{"level":"ERROR","location":"[<lambda>:1667] data_ws","message":"Connection to remote host was lost.","timestamp":"2026-08-26 00:39:50,030+0530","service":"FyersDataSocket"}
{"level":"ERROR","location":"[<lambda>:1667] data_ws","message":"Connection to remote host was lost.","timestamp":"2026-08-26 00:39:55,176+0530","service":"FyersDataSocket"}
{"level":"ERROR","location":"[<lambda>:1667] data_ws","message":"Connection to remote host was lost.","timestamp":"2026-08-26 00:40:01,709+0530","service":"FyersDataSocket"}
{"level":"ERROR","location":"[<lambda>:1667] data_ws","message":"Connection to remote host was lost.","timestamp":"2026-08-26 00:40:11,703+0530","service":"FyersDataSocket"}
{"level":"ERROR","location":"[<lambda>:1667] data_ws","message":"Connection to remote host was lost.","timestamp":"2026-08-26 00:40:26,998+0530","service":"FyersDataSocket"}
{"level":"ERROR","location":"[<lambda>:1667] data_ws","message":"Connection to remote host was lost.","timestamp":"2026-08-26 00:40:36,998+0530","service":"FyersDataSocket"}
{"level":"ERROR","location":"[<lambda>:1667] data_ws","message":"Connection to remote host was lost.","timestamp":"2026-08-26 00:40:44,868+0530","service":"FyersDataSocket"}
{"level":"ERROR","location":"[<lambda>:1667] data_ws","message":"Connection to remote host was lost.","timestamp":"2026-08-26 00:40:53,151+0530","service":"FyersDataSocket"}
{"level":"ERROR","location":"[<lambda>:1667] data_ws","message":"Connection to remote host was lost.","timestamp":"2026-08-26 00:41:01,710+0530","service":"FyersDataSocket"}
{"level":"ERROR","location":"[<lambda>:1667] data_ws","message":"Connection to remote host was lost.","timestamp":"2026-08-26 00:41:07,002+0530","service":"FyersDataSocket"}
{"level":"ERROR","location":"[<lambda>:1667] data_ws","message":"Connection to remote host was lost.","timestamp":"2026-08-26 00:41:14,870+0530","service":"FyersDataSocket"}
{"level":"ERROR","location":"[<lambda>:1667] data_ws","message":"Connection to remote host was lost.","timestamp":"2026-08-26 00:41:24,875+0530","service":"FyersDataSocket"}
{"level":"ERROR","location":"[<lambda>:1667] data_ws","message":"Connection to remote host was lost.","timestamp":"2026-08-26 00:41:34,869+0530","service":"FyersDataSocket"}
{"level":"ERROR","location":"[<lambda>:1667] data_ws","message":"Connection to remote host was lost.","timestamp":"2026-08-26 00:41:44,874+0530","service":"FyersDataSocket"}
{"level":"ERROR","location":"[<lambda>:1667] data_ws","message":"Connection to remote host was lost.","timestamp":"2026-08-26 00:41:54,879+0530","service":"FyersDataSocket"}
{"level":"ERROR","location":"[<lambda>:1667] data_ws","message":"Connection to remote host was lost.","timestamp":"2026-08-26 00:42:00,041+0530","service":"FyersDataSocket"}
{"level":"ERROR","location":"[<lambda>:1667] data_ws","message":"Connection to remote host was lost.","timestamp":"2026-08-26 00:42:05,351+0530","service":"FyersDataSocket"}
{"level":"ERROR","location":"[<lambda>:1667] data_ws","message":"Connection to remote host was lost.","timestamp":"2026-08-26 00:42:15,197+0530","service":"FyersDataSocket"}
{"level":"ERROR","location":"[<lambda>:1667] data_ws","message":"Connection to remote host was lost.","timestamp":"2026-08-26 00:42:31,718+0530","service":"FyersDataSocket"}
{"level":"ERROR","location":"[<lambda>:1667] data_ws","message":"Connection to remote host was lost.","timestamp":"2026-08-26 00:42:42,163+0530","service":"FyersDataSocket"}
{"level":"ERROR","location":"[<lambda>:1667] data_ws","message":"Connection to remote host was lost.","timestamp":"2026-08-26 00:42:48,257+0530","service":"FyersDataSocket"}
{"level":"ERROR","location":"[<lambda>:1667] data_ws","message":"Connection to remote host was lost.","timestamp":"2026-08-26 00:42:57,685+0530","service":"FyersDataSocket"}
{"level":"ERROR","location":"[<lambda>:1667] data_ws","message":"Connection to remote host was lost.","timestamp":"2026-08-26 00:43:05,209+0530","service":"FyersDataSocket"}
{"level":"ERROR","location":"[<lambda>:1667] data_ws","message":"Connection to remote host was lost.","timestamp":"2026-08-26 00:43:11,718+0530","service":"FyersDataSocket"}
{"level":"ERROR","location":"[<lambda>:1667] data_ws","message":"Connection to remote host was lost.","timestamp":"2026-08-26 00:43:18,306+0530","service":"FyersDataSocket"}
{"level":"ERROR","location":"[<lambda>:1667] data_ws","message":"Connection to remote host was lost.","timestamp":"2026-08-26 00:43:28,306+0530","service":"FyersDataSocket"}
{"level":"ERROR","location":"[<lambda>:1667] data_ws","message":"Connection to remote host was lost.","timestamp":"2026-08-26 00:43:38,306+0530","service":"FyersDataSocket"}
{"level":"ERROR","location":"[<lambda>:1667] data_ws","message":"Connection to remote host was lost.","timestamp":"2026-08-26 00:43:48,310+0530","service":"FyersDataSocket"}
{"level":"ERROR","location":"[<lambda>:1667] data_ws","message":"Connection to remote host was lost.","timestamp":"2026-08-26 00:43:58,312+0530","service":"FyersDataSocket"}
{"level":"ERROR","location":"[<lambda>:1667] data_ws","message":"Connection to remote host was lost.","timestamp":"2026-08-26 00:44:04,878+0530","service":"FyersDataSocket"}
{"level":"ERROR","location":"[<lambda>:1667] data_ws","message":"Connection to remote host was lost.","timestamp":"2026-08-26 00:44:06,236+0530","service":"FyersDataSocket"}
{"level":"ERROR","location":"[<lambda>:1667] data_ws","message":"Connection to remote host was lost.","timestamp":"2026-08-26 00:44:20,221+0530","service":"FyersDataSocket"}
{"level":"ERROR","location":"[<lambda>:1667] data_ws","message":"Connection to remote host was lost.","timestamp":"2026-08-26 00:44:36,168+0530","service":"FyersDataSocket"}
{"level":"ERROR","location":"[<lambda>:1667] data_ws","message":"Connection to remote host was lost.","timestamp":"2026-08-26 00:44:47,172+0530","service":"FyersDataSocket"}
{"level":"ERROR","location":"[<lambda>:1667] data_ws","message":"Connection to remote host was lost.","timestamp":"2026-08-26 00:44:53,173+0530","service":"FyersDataSocket"}
{"level":"ERROR","location":"[<lambda>:1667] data_ws","message":"Connection to remote host was lost.","timestamp":"2026-08-26 00:45:02,662+0530","service":"FyersDataSocket"}
{"level":"ERROR","location":"[<lambda>:1667] data_ws","message":"Connection to remote host was lost.","timestamp":"2026-08-26 00:45:10,228+0530","service":"FyersDataSocket"}
{"level":"ERROR","location":"[<lambda>:1667] data_ws","message":"Connection to remote host was lost.","timestamp":"2026-08-26 00:45:16,172+0530","service":"FyersDataSocket"}
{"level":"ERROR","location":"[<lambda>:1667] data_ws","message":"Connection to remote host was lost.","timestamp":"2026-08-26 00:45:23,080+0530","service":"FyersDataSocket"}
{"level":"ERROR","location":"[<lambda>:1667] data_ws","message":"Connection to remote host was lost.","timestamp":"2026-08-26 00:45:33,083+0530","service":"FyersDataSocket"}
{"level":"ERROR","location":"[<lambda>:1667] data_ws","message":"Connection to remote host was lost.","timestamp":"2026-08-26 00:45:43,085+0530","service":"FyersDataSocket"}
{"level":"ERROR","location":"[<lambda>:1667] data_ws","message":"Connection to remote host was lost.","timestamp":"2026-08-26 00:45:53,085+0530","service":"FyersDataSocket"}
{"level":"ERROR","location":"[<lambda>:1667] data_ws","message":"Connection to remote host was lost.","timestamp":"2026-08-26 00:46:03,086+0530","service":"FyersDataSocket"}
{"level":"ERROR","location":"[<lambda>:1667] data_ws","message":"Connection to remote host was lost.","timestamp":"2026-08-26 00:46:08,331+0530","service":"FyersDataSocket"}
{"level":"ERROR","location":"[<lambda>:1667] data_ws","message":"Connection to remote host was lost.","timestamp":"2026-08-26 00:46:16,192+0530","service":"FyersDataSocket"}
{"level":"ERROR","location":"[<lambda>:1667] data_ws","message":"Connection to remote host was lost.","timestamp":"2026-08-26 00:46:24,892+0530","service":"FyersDataSocket"}
{"level":"ERROR","location":"[<lambda>:1667] data_ws","message":"Connection to remote host was lost.","timestamp":"2026-08-26 00:46:40,416+0530","service":"FyersDataSocket"}
{"level":"ERROR","location":"[<lambda>:1667] data_ws","message":"Connection to remote host was lost.","timestamp":"2026-08-26 00:46:51,745+0530","service":"FyersDataSocket"}
{"level":"ERROR","location":"[<lambda>:1667] data_ws","message":"Connection to remote host was lost.","timestamp":"2026-08-26 00:46:57,949+0530","service":"FyersDataSocket"}
{"level":"ERROR","location":"[<lambda>:1667] data_ws","message":"Connection to remote host was lost.","timestamp":"2026-08-26 00:47:07,369+0530","service":"FyersDataSocket"}
{"level":"ERROR","location":"[<lambda>:1667] data_ws","message":"Connection to remote host was lost.","timestamp":"2026-08-26 00:47:14,901+0530","service":"FyersDataSocket"}
{"level":"ERROR","location":"[<lambda>:1667] data_ws","message":"Connection to remote host was lost.","timestamp":"2026-08-26 00:47:20,421+0530","service":"FyersDataSocket"}
{"level":"ERROR","location":"[<lambda>:1667] data_ws","message":"Connection to remote host was lost.","timestamp":"2026-08-26 00:47:27,795+0530","service":"FyersDataSocket"}
{"level":"ERROR","location":"[<lambda>:1667] data_ws","message":"Connection to remote host was lost.","timestamp":"2026-08-26 00:47:37,808+0530","service":"FyersDataSocket"}
{"level":"ERROR","location":"[<lambda>:1667] data_ws","message":"Connection to remote host was lost.","timestamp":"2026-08-26 00:47:47,803+0530","service":"FyersDataSocket"}
{"level":"ERROR","location":"[<lambda>:1667] data_ws","message":"Connection to remote host was lost.","timestamp":"2026-08-26 00:47:57,804+0530","service":"FyersDataSocket"}
{"level":"ERROR","location":"[<lambda>:1667] data_ws","message":"Connection to remote host was lost.","timestamp":"2026-08-26 00:48:07,805+0530","service":"FyersDataSocket"}
{"level":"ERROR","location":"[<lambda>:1667] data_ws","message":"Connection to remote host was lost.","timestamp":"2026-08-26 00:48:13,096+0530","service":"FyersDataSocket"}
{"level":"ERROR","location":"[<lambda>:1667] data_ws","message":"Connection to remote host was lost.","timestamp":"2026-08-26 00:48:20,427+0530","service":"FyersDataSocket"}
{"level":"ERROR","location":"[<lambda>:1667] data_ws","message":"Connection to remote host was lost.","timestamp":"2026-08-26 00:48:28,255+0530","service":"FyersDataSocket"}
{"level":"ERROR","location":"[<lambda>:1667] data_ws","message":"Connection to remote host was lost.","timestamp":"2026-08-26 00:48:45,379+0530","service":"FyersDataSocket"}
{"level":"ERROR","location":"[<lambda>:1667] data_ws","message":"Connection to remote host was lost.","timestamp":"2026-08-26 00:48:56,546+0530","service":"FyersDataSocket"}
{"level":"ERROR","location":"[<lambda>:1667] data_ws","message":"Connection to remote host was lost.","timestamp":"2026-08-26 00:49:02,676+0530","service":"FyersDataSocket"}
{"level":"ERROR","location":"[<lambda>:1667] data_ws","message":"Connection to remote host was lost.","timestamp":"2026-08-26 00:49:12,371+0530","service":"FyersDataSocket"}
{"level":"ERROR","location":"[<lambda>:1667] data_ws","message":"Connection to remote host was lost.","timestamp":"2026-08-26 00:49:18,328+0530","service":"FyersDataSocket"}
{"level":"ERROR","location":"[<lambda>:1667] data_ws","message":"Connection to remote host was lost.","timestamp":"2026-08-26 00:49:25,386+0530","service":"FyersDataSocket"}
{"level":"ERROR","location":"[<lambda>:1667] data_ws","message":"Connection to remote host was lost.","timestamp":"2026-08-26 00:49:32,824+0530","service":"FyersDataSocket"}
{"level":"ERROR","location":"[<lambda>:1667] data_ws","message":"Connection to remote host was lost.","timestamp":"2026-08-26 00:49:42,735+0530","service":"FyersDataSocket"}
{"level":"ERROR","location":"[<lambda>:1667] data_ws","message":"Connection to remote host was lost.","timestamp":"2026-08-26 00:49:52,679+0530","service":"FyersDataSocket"}
{"level":"ERROR","location":"[<lambda>:1667] data_ws","message":"Connection to remote host was lost.","timestamp":"2026-08-26 00:50:02,679+0530","service":"FyersDataSocket"}
{"level":"ERROR","location":"[<lambda>:1667] data_ws","message":"Connection to remote host was lost.","timestamp":"2026-08-26 00:50:12,678+0530","service":"FyersDataSocket"}
{"level":"ERROR","location":"[<lambda>:1667] data_ws","message":"Connection to remote host was lost.","timestamp":"2026-08-26 00:50:17,967+0530","service":"FyersDataSocket"}
{"level":"ERROR","location":"[<lambda>:1667] data_ws","message":"Connection to remote host was lost.","timestamp":"2026-08-26 00:50:25,388+0530","service":"FyersDataSocket"}
{"level":"ERROR","location":"[<lambda>:1667] data_ws","message":"Connection to remote host was lost.","timestamp":"2026-08-26 00:50:32,998+0530","service":"FyersDataSocket"}
{"level":"ERROR","location":"[<lambda>:1667] data_ws","message":"Connection to remote host was lost.","timestamp":"2026-08-26 00:50:50,087+0530","service":"FyersDataSocket"}
{"level":"ERROR","location":"[<lambda>:1667] data_ws","message":"Connection to remote host was lost.","timestamp":"2026-08-26 00:51:01,362+0530","service":"FyersDataSocket"}
{"level":"ERROR","location":"[<lambda>:1667] data_ws","message":"Connection to remote host was lost.","timestamp":"2026-08-26 00:51:07,611+0530","service":"FyersDataSocket"}
{"level":"ERROR","location":"[<lambda>:1667] data_ws","message":"Connection to remote host was lost.","timestamp":"2026-08-26 00:51:17,220+0530","service":"FyersDataSocket"}
{"level":"ERROR","location":"[<lambda>:1667] data_ws","message":"Connection to remote host was lost.","timestamp":"2026-08-26 00:51:23,009+0530","service":"FyersDataSocket"}
{"level":"ERROR","location":"[<lambda>:1667] data_ws","message":"Connection to remote host was lost.","timestamp":"2026-08-26 00:51:30,091+0530","service":"FyersDataSocket"}
{"level":"ERROR","location":"[<lambda>:1667] data_ws","message":"Connection to remote host was lost.","timestamp":"2026-08-26 00:51:37,840+0530","service":"FyersDataSocket"}
{"level":"ERROR","location":"[<lambda>:1667] data_ws","message":"Connection to remote host was lost.","timestamp":"2026-08-26 00:51:47,565+0530","service":"FyersDataSocket"}
{"level":"ERROR","location":"[<lambda>:1667] data_ws","message":"Connection to remote host was lost.","timestamp":"2026-08-26 00:51:57,531+0530","service":"FyersDataSocket"}
{"level":"ERROR","location":"[<lambda>:1667] data_ws","message":"Connection to remote host was lost.","timestamp":"2026-08-26 00:52:07,535+0530","service":"FyersDataSocket"}
{"level":"ERROR","location":"[<lambda>:1667] data_ws","message":"Connection to remote host was lost.","timestamp":"2026-08-26 00:52:17,535+0530","service":"FyersDataSocket"}
{"level":"ERROR","location":"[<lambda>:1667] data_ws","message":"Connection to remote host was lost.","timestamp":"2026-08-26 00:52:22,865+0530","service":"FyersDataSocket"}
{"level":"ERROR","location":"[<lambda>:1667] data_ws","message":"Connection to remote host was lost.","timestamp":"2026-08-26 00:52:30,098+0530","service":"FyersDataSocket"}
{"level":"ERROR","location":"[<lambda>:1667] data_ws","message":"Connection to remote host was lost.","timestamp":"2026-08-26 00:52:37,861+0530","service":"FyersDataSocket"}
{"level":"ERROR","location":"[<lambda>:1667] data_ws","message":"Connection to remote host was lost.","timestamp":"2026-08-26 00:52:55,036+0530","service":"FyersDataSocket"}
{"level":"ERROR","location":"[<lambda>:1667] data_ws","message":"Connection to remote host was lost.","timestamp":"2026-08-26 00:53:05,462+0530","service":"FyersDataSocket"}
{"level":"ERROR","location":"[<lambda>:1667] data_ws","message":"Connection to remote host was lost.","timestamp":"2026-08-26 00:53:12,386+0530","service":"FyersDataSocket"}
{"level":"ERROR","location":"[<lambda>:1667] data_ws","message":"Connection to remote host was lost.","timestamp":"2026-08-26 00:53:21,775+0530","service":"FyersDataSocket"}
{"level":"ERROR","location":"[<lambda>:1667] data_ws","message":"Connection to remote host was lost.","timestamp":"2026-08-26 00:53:28,005+0530","service":"FyersDataSocket"}
{"level":"ERROR","location":"[<lambda>:1667] data_ws","message":"Connection to remote host was lost.","timestamp":"2026-08-26 00:53:35,035+0530","service":"FyersDataSocket"}
{"level":"ERROR","location":"[<lambda>:1667] data_ws","message":"Connection to remote host was lost.","timestamp":"2026-08-26 00:53:43,302+0530","service":"FyersDataSocket"}
{"level":"ERROR","location":"[<lambda>:1667] data_ws","message":"Connection to remote host was lost.","timestamp":"2026-08-26 00:53:52,374+0530","service":"FyersDataSocket"}
{"level":"ERROR","location":"[<lambda>:1667] data_ws","message":"Connection to remote host was lost.","timestamp":"2026-08-26 00:54:02,380+0530","service":"FyersDataSocket"}
{"level":"ERROR","location":"[<lambda>:1667] data_ws","message":"Connection to remote host was lost.","timestamp":"2026-08-26 00:54:12,374+0530","service":"FyersDataSocket"}
{"level":"ERROR","location":"[<lambda>:1667] data_ws","message":"Connection to remote host was lost.","timestamp":"2026-08-26 00:54:22,385+0530","service":"FyersDataSocket"}
{"level":"ERROR","location":"[<lambda>:1667] data_ws","message":"Connection to remote host was lost.","timestamp":"2026-08-26 00:54:27,680+0530","service":"FyersDataSocket"}
{"level":"ERROR","location":"[<lambda>:1667] data_ws","message":"Connection to remote host was lost.","timestamp":"2026-08-26 00:54:35,046+0530","service":"FyersDataSocket"}
{"level":"ERROR","location":"[<lambda>:1667] data_ws","message":"Connection to remote host was lost.","timestamp":"2026-08-26 00:54:42,805+0530","service":"FyersDataSocket"}
{"level":"ERROR","location":"[<lambda>:1667] data_ws","message":"Connection to remote host was lost.","timestamp":"2026-08-26 00:54:58,179+0530","service":"FyersDataSocket"}
{"level":"ERROR","location":"[<lambda>:1667] data_ws","message":"Connection to remote host was lost.","timestamp":"2026-08-26 00:55:08,359+0530","service":"FyersDataSocket"}
{"level":"ERROR","location":"[<lambda>:1667] data_ws","message":"Connection to remote host was lost.","timestamp":"2026-08-26 00:55:17,395+0530","service":"FyersDataSocket"}
{"level":"ERROR","location":"[<lambda>:1667] data_ws","message":"Connection to remote host was lost.","timestamp":"2026-08-26 00:55:26,526+0530","service":"FyersDataSocket"}
{"level":"ERROR","location":"[<lambda>:1667] data_ws","message":"Connection to remote host was lost.","timestamp":"2026-08-26 00:55:32,820+0530","service":"FyersDataSocket"}
{"level":"ERROR","location":"[<lambda>:1667] data_ws","message":"Connection to remote host was lost.","timestamp":"2026-08-26 00:55:38,367+0530","service":"FyersDataSocket"}
{"level":"ERROR","location":"[<lambda>:1667] data_ws","message":"Connection to remote host was lost.","timestamp":"2026-08-26 00:55:48,059+0530","service":"FyersDataSocket"}
{"level":"ERROR","location":"[<lambda>:1667] data_ws","message":"Connection to remote host was lost.","timestamp":"2026-08-26 00:55:57,390+0530","service":"FyersDataSocket"}
{"level":"ERROR","location":"[<lambda>:1667] data_ws","message":"Connection to remote host was lost.","timestamp":"2026-08-26 00:56:07,387+0530","service":"FyersDataSocket"}
{"level":"ERROR","location":"[<lambda>:1667] data_ws","message":"Connection to remote host was lost.","timestamp":"2026-08-26 00:56:17,390+0530","service":"FyersDataSocket"}
{"level":"ERROR","location":"[<lambda>:1667] data_ws","message":"Connection to remote host was lost.","timestamp":"2026-08-26 00:56:27,392+0530","service":"FyersDataSocket"}
{"level":"ERROR","location":"[<lambda>:1667] data_ws","message":"Connection to remote host was lost.","timestamp":"2026-08-26 00:56:32,392+0530","service":"FyersDataSocket"}
{"level":"ERROR","location":"[<lambda>:1667] data_ws","message":"Connection to remote host was lost.","timestamp":"2026-08-26 00:56:38,774+0530","service":"FyersDataSocket"}
{"level":"ERROR","location":"[<lambda>:1667] data_ws","message":"Connection to remote host was lost.","timestamp":"2026-08-26 00:56:47,834+0530","service":"FyersDataSocket"}
{"level":"ERROR","location":"[<lambda>:1667] data_ws","message":"Connection to remote host was lost.","timestamp":"2026-08-26 00:57:02,390+0530","service":"FyersDataSocket"}
{"level":"ERROR","location":"[<lambda>:1667] data_ws","message":"Connection to remote host was lost.","timestamp":"2026-08-26 00:57:13,357+0530","service":"FyersDataSocket"}
{"level":"ERROR","location":"[<lambda>:1667] data_ws","message":"Connection to remote host was lost.","timestamp":"2026-08-26 00:57:22,393+0530","service":"FyersDataSocket"}
{"level":"ERROR","location":"[<lambda>:1667] data_ws","message":"Connection to remote host was lost.","timestamp":"2026-08-26 00:57:30,662+0530","service":"FyersDataSocket"}
{"level":"ERROR","location":"[<lambda>:1667] data_ws","message":"Connection to remote host was lost.","timestamp":"2026-08-26 00:57:38,087+0530","service":"FyersDataSocket"}
{"level":"ERROR","location":"[<lambda>:1667] data_ws","message":"Connection to remote host was lost.","timestamp":"2026-08-26 00:57:43,358+0530","service":"FyersDataSocket"}
{"level":"ERROR","location":"[<lambda>:1667] data_ws","message":"Connection to remote host was lost.","timestamp":"2026-08-26 00:57:52,401+0530","service":"FyersDataSocket"}
{"level":"ERROR","location":"[<lambda>:1667] data_ws","message":"Connection to remote host was lost.","timestamp":"2026-08-26 00:58:02,397+0530","service":"FyersDataSocket"}
{"level":"ERROR","location":"[<lambda>:1667] data_ws","message":"Connection to remote host was lost.","timestamp":"2026-08-26 00:58:12,400+0530","service":"FyersDataSocket"}
{"level":"ERROR","location":"[<lambda>:1667] data_ws","message":"Connection to remote host was lost.","timestamp":"2026-08-26 00:58:22,406+0530","service":"FyersDataSocket"}
{"level":"ERROR","location":"[<lambda>:1667] data_ws","message":"Connection to remote host was lost.","timestamp":"2026-08-26 00:58:32,402+0530","service":"FyersDataSocket"}
{"level":"ERROR","location":"[<lambda>:1667] data_ws","message":"Connection to remote host was lost.","timestamp":"2026-08-26 00:58:37,401+0530","service":"FyersDataSocket"}
{"level":"ERROR","location":"[<lambda>:1667] data_ws","message":"Connection to remote host was lost.","timestamp":"2026-08-26 00:58:43,837+0530","service":"FyersDataSocket"}
{"level":"ERROR","location":"[<lambda>:1667] data_ws","message":"Connection to remote host was lost.","timestamp":"2026-08-26 00:58:52,404+0530","service":"FyersDataSocket"}
{"level":"ERROR","location":"[<lambda>:1667] data_ws","message":"Connection to remote host was lost.","timestamp":"2026-08-26 00:59:07,404+0530","service":"FyersDataSocket"}
{"level":"ERROR","location":"[<lambda>:1667] data_ws","message":"Connection to remote host was lost.","timestamp":"2026-08-26 00:59:18,202+0530","service":"FyersDataSocket"}
{"level":"ERROR","location":"[<lambda>:1667] data_ws","message":"Connection to remote host was lost.","timestamp":"2026-08-26 00:59:27,411+0530","service":"FyersDataSocket"}
{"level":"ERROR","location":"[<lambda>:1667] data_ws","message":"Connection to remote host was lost.","timestamp":"2026-08-26 00:59:35,312+0530","service":"FyersDataSocket"}
{"level":"ERROR","location":"[<lambda>:1667] data_ws","message":"Connection to remote host was lost.","timestamp":"2026-08-26 00:59:42,992+0530","service":"FyersDataSocket"}
{"level":"ERROR","location":"[<lambda>:1667] data_ws","message":"Connection to remote host was lost.","timestamp":"2026-08-26 01:11:54,477+0530","service":"FyersDataSocket"}
{"level":"ERROR","location":"[<lambda>:1667] data_ws","message":"Connection to remote host was lost.","timestamp":"2026-08-26 01:13:59,991+0530","service":"FyersDataSocket"}
{"level":"ERROR","location":"[<lambda>:1667] data_ws","message":"Connection to remote host was lost.","timestamp":"2026-08-26 01:16:04,233+0530","service":"FyersDataSocket"}
{"level":"ERROR","location":"[access_token_to_hsmtoken:272] data_ws","message":{"type":"cn","code":-99,"message":"Token is expired","s":"error"},"timestamp":"2026-08-26 11:42:05,659+0530","service":"FyersDataSocket"}
{"level":"ERROR","location":"[access_token_to_hsmtoken:272] data_ws","message":{"type":"cn","code":-99,"message":"Token is expired","s":"error"},"timestamp":"2026-08-26 11:47:47,928+0530","service":"FyersDataSocket"}
{"level":"ERROR","location":"[<lambda>:1667] data_ws","message":"Connection to remote host was lost.","timestamp":"2026-08-26 13:03:13,747+0530","service":"FyersDataSocket"}
{"level":"ERROR","location":"[<lambda>:1667] data_ws","message":"[WinError 10054] An existing connection was forcibly closed by the remote host","timestamp":"2026-08-26 14:31:24,233+0530","service":"FyersDataSocket"}
{"level":"ERROR","location":"[<lambda>:1667] data_ws","message":"[WinError 10054] An existing connection was forcibly closed by the remote host","timestamp":"2026-08-26 14:31:25,160+0530","service":"FyersDataSocket"}
{"level":"ERROR","location":"[<lambda>:1667] data_ws","message":"Connection to remote host was lost.","timestamp":"2026-08-26 14:33:37,706+0530","service":"FyersDataSocket"}
{"level":"ERROR","location":"[<lambda>:1667] data_ws","message":"Connection to remote host was lost.","timestamp":"2026-08-26 16:51:32,264+0530","service":"FyersDataSocket"}
{"level":"ERROR","location":"[<lambda>:1667] data_ws","message":"Connection to remote host was lost.","timestamp":"2026-08-26 17:08:03,607+0530","service":"FyersDataSocket"}
{"level":"ERROR","location":"[<lambda>:1667] data_ws","message":"[WinError 10054] An existing connection was forcibly closed by the remote host","timestamp":"2026-08-26 18:36:50,629+0530","service":"FyersDataSocket"}
{"level":"ERROR","location":"[<lambda>:1667] data_ws","message":"[WinError 10054] An existing connection was forcibly closed by the remote host","timestamp":"2026-08-26 18:36:50,629+0530","service":"FyersDataSocket"}
{"level":"ERROR","location":"[<lambda>:1667] data_ws","message":"[WinError 10054] An existing connection was forcibly closed by the remote host","timestamp":"2026-08-26 18:36:50,630+0530","service":"FyersDataSocket"}
{"level":"ERROR","location":"[<lambda>:1667] data_ws","message":"[WinError 10054] An existing connection was forcibly closed by the remote host","timestamp":"2026-08-26 18:36:51,297+0530","service":"FyersDataSocket"}
{"level":"ERROR","location":"[<lambda>:1667] data_ws","message":"[WinError 10054] An existing connection was forcibly closed by the remote host","timestamp":"2026-08-26 18:36:51,555+0530","service":"FyersDataSocket"}
{"level":"ERROR","location":"[<lambda>:1667] data_ws","message":"[WinError 10054] An existing connection was forcibly closed by the remote host","timestamp":"2026-08-26 18:36:54,696+0530","service":"FyersDataSocket"}
{"level":"ERROR","location":"[__symbol_conversion:1352] data_ws","message":{"code":-300,"message":"Please provide a valid symbol","s":"error","type":"sub","invalid_symbols":["MCX:GOLD26SEPFUT"]},"timestamp":"2026-08-26 22:15:34,743+0530","service":"FyersDataSocket"}
{"level":"ERROR","location":"[__symbol_conversion:1352] data_ws","message":{"code":-300,"message":"Please provide a valid symbol","s":"error","type":"sub","invalid_symbols":["MCX:GOLD26SEPFUT"]},"timestamp":"2026-08-26 22:23:49,831+0530","service":"FyersDataSocket"}
{"level":"ERROR","location":"[__symbol_conversion:1352] data_ws","message":{"code":-300,"message":"Please provide a valid symbol","s":"error","type":"sub","invalid_symbols":["MCX:GOLD26SEPFUT"]},"timestamp":"2026-08-26 22:28:23,869+0530","service":"FyersDataSocket"}
{"level":"ERROR","location":"[__symbol_conversion:1352] data_ws","message":{"code":-300,"message":"Please provide a valid symbol","s":"error","type":"sub","invalid_symbols":["MCX:GOLD26SEPFUT"]},"timestamp":"2026-08-26 22:49:17,592+0530","service":"FyersDataSocket"}
{"level":"ERROR","location":"[__symbol_conversion:1352] data_ws","message":{"code":-300,"message":"Please provide a valid symbol","s":"error","type":"sub","invalid_symbols":["MCX:GOLD26SEPFUT"]},"timestamp":"2026-08-26 22:57:41,098+0530","service":"FyersDataSocket"}
{"level":"ERROR","location":"[<lambda>:1667] data_ws","message":"[WinError 10054] An existing connection was forcibly closed by the remote host","timestamp":"2026-08-26 23:31:05,759+0530","service":"FyersDataSocket"}
{"level":"ERROR","location":"[__symbol_conversion:1352] data_ws","message":{"code":-300,"message":"Please provide a valid symbol","s":"error","type":"sub","invalid_symbols":["MCX:GOLD26SEPFUT"]},"timestamp":"2026-08-26 23:31:22,714+0530","service":"FyersDataSocket"}
{"level":"ERROR","location":"[<lambda>:1667] data_ws","message":"Connection to remote host was lost.","timestamp":"2026-08-26 23:32:11,114+0530","service":"FyersDataSocket"}
{"level":"ERROR","location":"[<lambda>:1667] data_ws","message":"Connection to remote host was lost.","timestamp":"2026-08-26 23:32:11,114+0530","service":"FyersDataSocket"}
{"level":"ERROR","location":"[__symbol_conversion:1352] data_ws","message":{"code":-300,"message":"Please provide a valid symbol","s":"error","type":"sub","invalid_symbols":["MCX:GOLD26SEPFUT"]},"timestamp":"2026-08-26 23:32:18,453+0530","service":"FyersDataSocket"}
{"level":"ERROR","location":"[__symbol_conversion:1352] data_ws","message":{"code":-300,"message":"Please provide a valid symbol","s":"error","type":"sub","invalid_symbols":["MCX:GOLD26SEPFUT"]},"timestamp":"2026-08-26 23:32:23,240+0530","service":"FyersDataSocket"}
{"level":"ERROR","location":"[<lambda>:1667] data_ws","message":"Connection to remote host was lost.","timestamp":"2026-08-26 23:34:12,620+0530","service":"FyersDataSocket"}
{"level":"ERROR","location":"[<lambda>:1667] data_ws","message":"Connection to remote host was lost.","timestamp":"2026-08-26 23:34:19,312+0530","service":"FyersDataSocket"}
{"level":"ERROR","location":"[__symbol_conversion:1352] data_ws","message":{"code":-300,"message":"Please provide a valid symbol","s":"error","type":"sub","invalid_symbols":["MCX:GOLD26SEPFUT"]},"timestamp":"2026-08-26 23:34:19,872+0530","service":"FyersDataSocket"}
{"level":"ERROR","location":"[__symbol_conversion:1352] data_ws","message":{"code":-300,"message":"Please provide a valid symbol","s":"error","type":"sub","invalid_symbols":["MCX:GOLD26SEPFUT"]},"timestamp":"2026-08-26 23:34:26,748+0530","service":"FyersDataSocket"}
{"level":"ERROR","location":"[<lambda>:1667] data_ws","message":"Connection to remote host was lost.","timestamp":"2026-08-26 23:36:16,352+0530","service":"FyersDataSocket"}
{"level":"ERROR","location":"[<lambda>:1667] data_ws","message":"Connection to remote host was lost.","timestamp":"2026-08-26 23:36:22,631+0530","service":"FyersDataSocket"}
{"level":"ERROR","location":"[__symbol_conversion:1352] data_ws","message":{"code":-300,"message":"Please provide a valid symbol","s":"error","type":"sub","invalid_symbols":["MCX:GOLD26SEPFUT"]},"timestamp":"2026-08-26 23:36:23,607+0530","service":"FyersDataSocket"}
{"level":"ERROR","location":"[__symbol_conversion:1352] data_ws","message":{"code":-300,"message":"Please provide a valid symbol","s":"error","type":"sub","invalid_symbols":["MCX:GOLD26SEPFUT"]},"timestamp":"2026-08-26 23:36:29,933+0530","service":"FyersDataSocket"}
{"level":"ERROR","location":"[<lambda>:1667] data_ws","message":"Connection to remote host was lost.","timestamp":"2026-08-26 23:38:21,343+0530","service":"FyersDataSocket"}
{"level":"ERROR","location":"[<lambda>:1667] data_ws","message":"Connection to remote host was lost.","timestamp":"2026-08-26 23:38:26,395+0530","service":"FyersDataSocket"}
{"level":"ERROR","location":"[__symbol_conversion:1352] data_ws","message":{"code":-300,"message":"Please provide a valid symbol","s":"error","type":"sub","invalid_symbols":["MCX:GOLD26SEPFUT"]},"timestamp":"2026-08-26 23:38:28,631+0530","service":"FyersDataSocket"}
{"level":"ERROR","location":"[__symbol_conversion:1352] data_ws","message":{"code":-300,"message":"Please provide a valid symbol","s":"error","type":"sub","invalid_symbols":["MCX:GOLD26SEPFUT"]},"timestamp":"2026-08-26 23:38:33,786+0530","service":"FyersDataSocket"}
{"level":"ERROR","location":"[<lambda>:1667] data_ws","message":"Connection to remote host was lost.","timestamp":"2026-08-26 23:40:26,374+0530","service":"FyersDataSocket"}
{"level":"ERROR","location":"[<lambda>:1667] data_ws","message":"Connection to remote host was lost.","timestamp":"2026-08-26 23:40:31,354+0530","service":"FyersDataSocket"}
{"level":"ERROR","location":"[__symbol_conversion:1352] data_ws","message":{"code":-300,"message":"Please provide a valid symbol","s":"error","type":"sub","invalid_symbols":["MCX:GOLD26SEPFUT"]},"timestamp":"2026-08-26 23:40:33,633+0530","service":"FyersDataSocket"}
{"level":"ERROR","location":"[__symbol_conversion:1352] data_ws","message":{"code":-300,"message":"Please provide a valid symbol","s":"error","type":"sub","invalid_symbols":["MCX:GOLD26SEPFUT"]},"timestamp":"2026-08-26 23:40:43,514+0530","service":"FyersDataSocket"}
{"level":"ERROR","location":"[<lambda>:1667] data_ws","message":"Connection to remote host was lost.","timestamp":"2026-08-26 23:42:31,366+0530","service":"FyersDataSocket"}
{"level":"ERROR","location":"[__symbol_conversion:1352] data_ws","message":{"code":-300,"message":"Please provide a valid symbol","s":"error","type":"sub","invalid_symbols":["MCX:GOLD26SEPFUT"]},"timestamp":"2026-08-26 23:42:38,696+0530","service":"FyersDataSocket"}
{"level":"ERROR","location":"[<lambda>:1667] data_ws","message":"Connection to remote host was lost.","timestamp":"2026-08-26 23:42:41,368+0530","service":"FyersDataSocket"}
{"level":"ERROR","location":"[__symbol_conversion:1352] data_ws","message":{"code":-300,"message":"Please provide a valid symbol","s":"error","type":"sub","invalid_symbols":["MCX:GOLD26SEPFUT"]},"timestamp":"2026-08-26 23:42:48,584+0530","service":"FyersDataSocket"}
{"level":"ERROR","location":"[<lambda>:1667] data_ws","message":"Connection to remote host was lost.","timestamp":"2026-08-26 23:44:36,420+0530","service":"FyersDataSocket"}
{"level":"ERROR","location":"[__symbol_conversion:1352] data_ws","message":{"code":-300,"message":"Please provide a valid symbol","s":"error","type":"sub","invalid_symbols":["MCX:GOLD26SEPFUT"]},"timestamp":"2026-08-26 23:44:43,595+0530","service":"FyersDataSocket"}
{"level":"ERROR","location":"[<lambda>:1667] data_ws","message":"Connection to remote host was lost.","timestamp":"2026-08-26 23:44:46,430+0530","service":"FyersDataSocket"}
{"level":"ERROR","location":"[__symbol_conversion:1352] data_ws","message":{"code":-300,"message":"Please provide a valid symbol","s":"error","type":"sub","invalid_symbols":["MCX:GOLD26SEPFUT"]},"timestamp":"2026-08-26 23:44:53,863+0530","service":"FyersDataSocket"}
{"level":"ERROR","location":"[<lambda>:1667] data_ws","message":"Connection to remote host was lost.","timestamp":"2026-08-26 23:46:41,398+0530","service":"FyersDataSocket"}
{"level":"ERROR","location":"[__symbol_conversion:1352] data_ws","message":{"code":-300,"message":"Please provide a valid symbol","s":"error","type":"sub","invalid_symbols":["MCX:GOLD26SEPFUT"]},"timestamp":"2026-08-26 23:46:48,625+0530","service":"FyersDataSocket"}
{"level":"ERROR","location":"[<lambda>:1667] data_ws","message":"Connection to remote host was lost.","timestamp":"2026-08-26 23:46:51,399+0530","service":"FyersDataSocket"}
{"level":"ERROR","location":"[__symbol_conversion:1352] data_ws","message":{"code":-300,"message":"Please provide a valid symbol","s":"error","type":"sub","invalid_symbols":["MCX:GOLD26SEPFUT"]},"timestamp":"2026-08-26 23:47:01,638+0530","service":"FyersDataSocket"}
{"level":"ERROR","location":"[<lambda>:1667] data_ws","message":"Connection to remote host was lost.","timestamp":"2026-08-26 23:48:44,674+0530","service":"FyersDataSocket"}
{"level":"ERROR","location":"[__symbol_conversion:1352] data_ws","message":{"code":-300,"message":"Please provide a valid symbol","s":"error","type":"sub","invalid_symbols":["MCX:GOLD26SEPFUT"]},"timestamp":"2026-08-26 23:48:52,001+0530","service":"FyersDataSocket"}
{"level":"ERROR","location":"[<lambda>:1667] data_ws","message":"Connection to remote host was lost.","timestamp":"2026-08-26 23:48:54,675+0530","service":"FyersDataSocket"}
{"level":"ERROR","location":"[__symbol_conversion:1352] data_ws","message":{"code":-300,"message":"Please provide a valid symbol","s":"error","type":"sub","invalid_symbols":["MCX:GOLD26SEPFUT"]},"timestamp":"2026-08-26 23:49:02,041+0530","service":"FyersDataSocket"}
{"level":"ERROR","location":"[<lambda>:1667] data_ws","message":"Connection to remote host was lost.","timestamp":"2026-08-26 23:50:47,974+0530","service":"FyersDataSocket"}
{"level":"ERROR","location":"[__symbol_conversion:1352] data_ws","message":{"code":-300,"message":"Please provide a valid symbol","s":"error","type":"sub","invalid_symbols":["MCX:GOLD26SEPFUT"]},"timestamp":"2026-08-26 23:50:55,211+0530","service":"FyersDataSocket"}
{"level":"ERROR","location":"[<lambda>:1667] data_ws","message":"Connection to remote host was lost.","timestamp":"2026-08-26 23:50:57,934+0530","service":"FyersDataSocket"}
{"level":"ERROR","location":"[__symbol_conversion:1352] data_ws","message":{"code":-300,"message":"Please provide a valid symbol","s":"error","type":"sub","invalid_symbols":["MCX:GOLD26SEPFUT"]},"timestamp":"2026-08-26 23:51:05,483+0530","service":"FyersDataSocket"}
{"level":"ERROR","location":"[<lambda>:1667] data_ws","message":"Connection to remote host was lost.","timestamp":"2026-08-26 23:52:52,047+0530","service":"FyersDataSocket"}
{"level":"ERROR","location":"[__symbol_conversion:1352] data_ws","message":{"code":-300,"message":"Please provide a valid symbol","s":"error","type":"sub","invalid_symbols":["MCX:GOLD26SEPFUT"]},"timestamp":"2026-08-26 23:52:59,999+0530","service":"FyersDataSocket"}
{"level":"ERROR","location":"[<lambda>:1667] data_ws","message":"Connection to remote host was lost.","timestamp":"2026-08-26 23:53:02,047+0530","service":"FyersDataSocket"}
{"level":"ERROR","location":"[__symbol_conversion:1352] data_ws","message":{"code":-300,"message":"Please provide a valid symbol","s":"error","type":"sub","invalid_symbols":["MCX:GOLD26SEPFUT"]},"timestamp":"2026-08-26 23:53:09,579+0530","service":"FyersDataSocket"}
{"level":"ERROR","location":"[<lambda>:1667] data_ws","message":"Connection to remote host was lost.","timestamp":"2026-08-26 23:54:54,717+0530","service":"FyersDataSocket"}
{"level":"ERROR","location":"[__symbol_conversion:1352] data_ws","message":{"code":-300,"message":"Please provide a valid symbol","s":"error","type":"sub","invalid_symbols":["MCX:GOLD26SEPFUT"]},"timestamp":"2026-08-26 23:55:02,069+0530","service":"FyersDataSocket"}
{"level":"ERROR","location":"[<lambda>:1667] data_ws","message":"Connection to remote host was lost.","timestamp":"2026-08-26 23:55:04,716+0530","service":"FyersDataSocket"}
{"level":"ERROR","location":"[__symbol_conversion:1352] data_ws","message":{"code":-300,"message":"Please provide a valid symbol","s":"error","type":"sub","invalid_symbols":["MCX:GOLD26SEPFUT"]},"timestamp":"2026-08-26 23:55:11,958+0530","service":"FyersDataSocket"}
{"level":"ERROR","location":"[<lambda>:1667] data_ws","message":"Connection to remote host was lost.","timestamp":"2026-08-26 23:56:58,105+0530","service":"FyersDataSocket"}
{"level":"ERROR","location":"[__symbol_conversion:1352] data_ws","message":{"code":-300,"message":"Please provide a valid symbol","s":"error","type":"sub","invalid_symbols":["MCX:GOLD26SEPFUT"]},"timestamp":"2026-08-26 23:57:05,380+0530","service":"FyersDataSocket"}
{"level":"ERROR","location":"[<lambda>:1667] data_ws","message":"Connection to remote host was lost.","timestamp":"2026-08-26 23:57:08,064+0530","service":"FyersDataSocket"}
{"level":"ERROR","location":"[__symbol_conversion:1352] data_ws","message":{"code":-300,"message":"Please provide a valid symbol","s":"error","type":"sub","invalid_symbols":["MCX:GOLD26SEPFUT"]},"timestamp":"2026-08-26 23:57:15,219+0530","service":"FyersDataSocket"}
{"level":"ERROR","location":"[<lambda>:1667] data_ws","message":"Connection to remote host was lost.","timestamp":"2026-08-26 23:59:02,105+0530","service":"FyersDataSocket"}
{"level":"ERROR","location":"[__symbol_conversion:1352] data_ws","message":{"code":-300,"message":"Please provide a valid symbol","s":"error","type":"sub","invalid_symbols":["MCX:GOLD26SEPFUT"]},"timestamp":"2026-08-26 23:59:09,493+0530","service":"FyersDataSocket"}
{"level":"ERROR","location":"[<lambda>:1667] data_ws","message":"Connection to remote host was lost.","timestamp":"2026-08-26 23:59:12,107+0530","service":"FyersDataSocket"}
{"level":"ERROR","location":"[__symbol_conversion:1352] data_ws","message":{"code":-300,"message":"Please provide a valid symbol","s":"error","type":"sub","invalid_symbols":["MCX:GOLD26SEPFUT"]},"timestamp":"2026-08-26 23:59:19,459+0530","service":"FyersDataSocket"}
{"level":"ERROR","location":"[<lambda>:1667] data_ws","message":"Connection to remote host was lost.","timestamp":"2026-08-27 00:01:04,756+0530","service":"FyersDataSocket"}
{"level":"ERROR","location":"[__symbol_conversion:1352] data_ws","message":{"code":-300,"message":"Please provide a valid symbol","s":"error","type":"sub","invalid_symbols":["MCX:GOLD26SEPFUT"]},"timestamp":"2026-08-27 00:01:13,101+0530","service":"FyersDataSocket"}
{"level":"ERROR","location":"[<lambda>:1667] data_ws","message":"Connection to remote host was lost.","timestamp":"2026-08-27 00:01:14,756+0530","service":"FyersDataSocket"}
{"level":"ERROR","location":"[__symbol_conversion:1352] data_ws","message":{"code":-300,"message":"Please provide a valid symbol","s":"error","type":"sub","invalid_symbols":["MCX:GOLD26SEPFUT"]},"timestamp":"2026-08-27 00:01:22,315+0530","service":"FyersDataSocket"}
{"level":"ERROR","location":"[<lambda>:1667] data_ws","message":"Connection to remote host was lost.","timestamp":"2026-08-27 00:03:08,093+0530","service":"FyersDataSocket"}
{"level":"ERROR","location":"[<lambda>:1667] data_ws","message":"Connection to remote host was lost.","timestamp":"2026-08-27 00:03:54,373+0530","service":"FyersDataSocket"}
{"level":"ERROR","location":"[__symbol_conversion:1352] data_ws","message":{"code":-300,"message":"Please provide a valid symbol","s":"error","type":"sub","invalid_symbols":["MCX:GOLD26SEPFUT"]},"timestamp":"2026-08-27 00:03:55,257+0530","service":"FyersDataSocket"}
{"level":"ERROR","location":"[__symbol_conversion:1352] data_ws","message":{"code":-300,"message":"Please provide a valid symbol","s":"error","type":"sub","invalid_symbols":["MCX:GOLD26SEPFUT"]},"timestamp":"2026-08-27 00:04:02,056+0530","service":"FyersDataSocket"}
{"level":"ERROR","location":"[<lambda>:1667] data_ws","message":"Connection to remote host was lost.","timestamp":"2026-08-27 00:05:12,173+0530","service":"FyersDataSocket"}
{"level":"ERROR","location":"[__symbol_conversion:1352] data_ws","message":{"code":-300,"message":"Please provide a valid symbol","s":"error","type":"sub","invalid_symbols":["MCX:GOLD26SEPFUT"]},"timestamp":"2026-08-27 00:05:19,357+0530","service":"FyersDataSocket"}
{"level":"ERROR","location":"[<lambda>:1667] data_ws","message":"Connection to remote host was lost.","timestamp":"2026-08-27 00:05:55,805+0530","service":"FyersDataSocket"}
{"level":"ERROR","location":"[__symbol_conversion:1352] data_ws","message":{"code":-300,"message":"Please provide a valid symbol","s":"error","type":"sub","invalid_symbols":["MCX:GOLD26SEPFUT"]},"timestamp":"2026-08-27 00:06:02,982+0530","service":"FyersDataSocket"}
{"level":"ERROR","location":"[<lambda>:1667] data_ws","message":"Connection to remote host was lost.","timestamp":"2026-08-27 00:07:14,905+0530","service":"FyersDataSocket"}
{"level":"ERROR","location":"[__symbol_conversion:1352] data_ws","message":{"code":-300,"message":"Please provide a valid symbol","s":"error","type":"sub","invalid_symbols":["MCX:GOLD26SEPFUT"]},"timestamp":"2026-08-27 00:07:38,944+0530","service":"FyersDataSocket"}
{"level":"ERROR","location":"[<lambda>:1667] data_ws","message":"Connection to remote host was lost.","timestamp":"2026-08-27 00:08:00,081+0530","service":"FyersDataSocket"}
{"level":"ERROR","location":"[__symbol_conversion:1352] data_ws","message":{"code":-300,"message":"Please provide a valid symbol","s":"error","type":"sub","invalid_symbols":["MCX:GOLD26SEPFUT"]},"timestamp":"2026-08-27 00:08:07,240+0530","service":"FyersDataSocket"}
{"level":"ERROR","location":"[<lambda>:1667] data_ws","message":"Connection to remote host was lost.","timestamp":"2026-08-27 00:09:17,640+0530","service":"FyersDataSocket"}
{"level":"ERROR","location":"[__symbol_conversion:1352] data_ws","message":{"code":-300,"message":"Please provide a valid symbol","s":"error","type":"sub","invalid_symbols":["MCX:GOLD26SEPFUT"]},"timestamp":"2026-08-27 00:09:24,763+0530","service":"FyersDataSocket"}
{"level":"ERROR","location":"[<lambda>:1667] data_ws","message":"Connection to remote host was lost.","timestamp":"2026-08-27 00:09:58,940+0530","service":"FyersDataSocket"}
{"level":"ERROR","location":"[__symbol_conversion:1352] data_ws","message":{"code":-300,"message":"Please provide a valid symbol","s":"error","type":"sub","invalid_symbols":["MCX:GOLD26SEPFUT"]},"timestamp":"2026-08-27 00:10:06,072+0530","service":"FyersDataSocket"}
{"level":"ERROR","location":"[<lambda>:1667] data_ws","message":"Connection to remote host was lost.","timestamp":"2026-08-27 00:11:18,945+0530","service":"FyersDataSocket"}
{"level":"ERROR","location":"[__symbol_conversion:1352] data_ws","message":{"code":-300,"message":"Please provide a valid symbol","s":"error","type":"sub","invalid_symbols":["MCX:GOLD26SEPFUT"]},"timestamp":"2026-08-27 00:11:26,163+0530","service":"FyersDataSocket"}
{"level":"ERROR","location":"[<lambda>:1667] data_ws","message":"Connection to remote host was lost.","timestamp":"2026-08-27 00:12:02,874+0530","service":"FyersDataSocket"}
{"level":"ERROR","location":"[__symbol_conversion:1352] data_ws","message":{"code":-300,"message":"Please provide a valid symbol","s":"error","type":"sub","invalid_symbols":["MCX:GOLD26SEPFUT"]},"timestamp":"2026-08-27 00:12:10,098+0530","service":"FyersDataSocket"}
{"level":"ERROR","location":"[<lambda>:1667] data_ws","message":"Connection to remote host was lost.","timestamp":"2026-08-27 00:13:22,889+0530","service":"FyersDataSocket"}
{"level":"ERROR","location":"[__symbol_conversion:1352] data_ws","message":{"code":-300,"message":"Please provide a valid symbol","s":"error","type":"sub","invalid_symbols":["MCX:GOLD26SEPFUT"]},"timestamp":"2026-08-27 00:13:30,030+0530","service":"FyersDataSocket"}
{"level":"ERROR","location":"[<lambda>:1667] data_ws","message":"Connection to remote host was lost.","timestamp":"2026-08-27 00:14:05,530+0530","service":"FyersDataSocket"}
{"level":"ERROR","location":"[__symbol_conversion:1352] data_ws","message":{"code":-300,"message":"Please provide a valid symbol","s":"error","type":"sub","invalid_symbols":["MCX:GOLD26SEPFUT"]},"timestamp":"2026-08-27 00:14:12,764+0530","service":"FyersDataSocket"}
{"level":"ERROR","location":"[<lambda>:1667] data_ws","message":"Connection to remote host was lost.","timestamp":"2026-08-27 00:15:25,541+0530","service":"FyersDataSocket"}
{"level":"ERROR","location":"[__symbol_conversion:1352] data_ws","message":{"code":-300,"message":"Please provide a valid symbol","s":"error","type":"sub","invalid_symbols":["MCX:GOLD26SEPFUT"]},"timestamp":"2026-08-27 00:15:32,829+0530","service":"FyersDataSocket"}
{"level":"ERROR","location":"[<lambda>:1667] data_ws","message":"Connection to remote host was lost.","timestamp":"2026-08-27 00:16:09,103+0530","service":"FyersDataSocket"}
{"level":"ERROR","location":"[__symbol_conversion:1352] data_ws","message":{"code":-300,"message":"Please provide a valid symbol","s":"error","type":"sub","invalid_symbols":["MCX:GOLD26SEPFUT"]},"timestamp":"2026-08-27 00:16:17,050+0530","service":"FyersDataSocket"}
{"level":"ERROR","location":"[<lambda>:1667] data_ws","message":"Connection to remote host was lost.","timestamp":"2026-08-27 00:17:29,104+0530","service":"FyersDataSocket"}
{"level":"ERROR","location":"[__symbol_conversion:1352] data_ws","message":{"code":-300,"message":"Please provide a valid symbol","s":"error","type":"sub","invalid_symbols":["MCX:GOLD26SEPFUT"]},"timestamp":"2026-08-27 00:17:36,293+0530","service":"FyersDataSocket"}
{"level":"ERROR","location":"[<lambda>:1667] data_ws","message":"Connection to remote host was lost.","timestamp":"2026-08-27 00:18:12,906+0530","service":"FyersDataSocket"}
{"level":"ERROR","location":"[__symbol_conversion:1352] data_ws","message":{"code":-300,"message":"Please provide a valid symbol","s":"error","type":"sub","invalid_symbols":["MCX:GOLD26SEPFUT"]},"timestamp":"2026-08-27 00:18:20,430+0530","service":"FyersDataSocket"}
{"level":"ERROR","location":"[<lambda>:1667] data_ws","message":"Connection to remote host was lost.","timestamp":"2026-08-27 00:19:32,911+0530","service":"FyersDataSocket"}
{"level":"ERROR","location":"[__symbol_conversion:1352] data_ws","message":{"code":-300,"message":"Please provide a valid symbol","s":"error","type":"sub","invalid_symbols":["MCX:GOLD26SEPFUT"]},"timestamp":"2026-08-27 00:19:40,494+0530","service":"FyersDataSocket"}
{"level":"ERROR","location":"[<lambda>:1667] data_ws","message":"Connection to remote host was lost.","timestamp":"2026-08-27 00:20:15,662+0530","service":"FyersDataSocket"}
{"level":"ERROR","location":"[__symbol_conversion:1352] data_ws","message":{"code":-300,"message":"Please provide a valid symbol","s":"error","type":"sub","invalid_symbols":["MCX:GOLD26SEPFUT"]},"timestamp":"2026-08-27 00:20:22,802+0530","service":"FyersDataSocket"}
{"level":"ERROR","location":"[<lambda>:1667] data_ws","message":"Connection to remote host was lost.","timestamp":"2026-08-27 00:21:35,569+0530","service":"FyersDataSocket"}
{"level":"ERROR","location":"[__symbol_conversion:1352] data_ws","message":{"code":-300,"message":"Please provide a valid symbol","s":"error","type":"sub","invalid_symbols":["MCX:GOLD26SEPFUT"]},"timestamp":"2026-08-27 00:21:42,915+0530","service":"FyersDataSocket"}
{"level":"ERROR","location":"[<lambda>:1667] data_ws","message":"Connection to remote host was lost.","timestamp":"2026-08-27 00:22:18,842+0530","service":"FyersDataSocket"}
{"level":"ERROR","location":"[__symbol_conversion:1352] data_ws","message":{"code":-300,"message":"Please provide a valid symbol","s":"error","type":"sub","invalid_symbols":["MCX:GOLD26SEPFUT"]},"timestamp":"2026-08-27 00:22:26,023+0530","service":"FyersDataSocket"}
{"level":"ERROR","location":"[<lambda>:1667] data_ws","message":"Connection to remote host was lost.","timestamp":"2026-08-27 00:23:38,846+0530","service":"FyersDataSocket"}
{"level":"ERROR","location":"[__symbol_conversion:1352] data_ws","message":{"code":-300,"message":"Please provide a valid symbol","s":"error","type":"sub","invalid_symbols":["MCX:GOLD26SEPFUT"]},"timestamp":"2026-08-27 00:23:46,101+0530","service":"FyersDataSocket"}
{"level":"ERROR","location":"[<lambda>:1667] data_ws","message":"Connection to remote host was lost.","timestamp":"2026-08-27 00:24:22,982+0530","service":"FyersDataSocket"}
{"level":"ERROR","location":"[__symbol_conversion:1352] data_ws","message":{"code":-300,"message":"Please provide a valid symbol","s":"error","type":"sub","invalid_symbols":["MCX:GOLD26SEPFUT"]},"timestamp":"2026-08-27 00:24:30,256+0530","service":"FyersDataSocket"}
{"level":"ERROR","location":"[<lambda>:1667] data_ws","message":"Connection to remote host was lost.","timestamp":"2026-08-27 00:25:43,040+0530","service":"FyersDataSocket"}
{"level":"ERROR","location":"[__symbol_conversion:1352] data_ws","message":{"code":-300,"message":"Please provide a valid symbol","s":"error","type":"sub","invalid_symbols":["MCX:GOLD26SEPFUT"]},"timestamp":"2026-08-27 00:25:50,801+0530","service":"FyersDataSocket"}
{"level":"ERROR","location":"[<lambda>:1667] data_ws","message":"Connection to remote host was lost.","timestamp":"2026-08-27 00:26:25,594+0530","service":"FyersDataSocket"}
{"level":"ERROR","location":"[__symbol_conversion:1352] data_ws","message":{"code":-300,"message":"Please provide a valid symbol","s":"error","type":"sub","invalid_symbols":["MCX:GOLD26SEPFUT"]},"timestamp":"2026-08-27 00:26:32,733+0530","service":"FyersDataSocket"}
{"level":"ERROR","location":"[<lambda>:1667] data_ws","message":"Connection to remote host was lost.","timestamp":"2026-08-27 00:27:45,617+0530","service":"FyersDataSocket"}
{"level":"ERROR","location":"[__symbol_conversion:1352] data_ws","message":{"code":-300,"message":"Please provide a valid symbol","s":"error","type":"sub","invalid_symbols":["MCX:GOLD26SEPFUT"]},"timestamp":"2026-08-27 00:27:52,734+0530","service":"FyersDataSocket"}
{"level":"ERROR","location":"[<lambda>:1667] data_ws","message":"Connection to remote host was lost.","timestamp":"2026-08-27 00:28:28,867+0530","service":"FyersDataSocket"}
{"level":"ERROR","location":"[__symbol_conversion:1352] data_ws","message":{"code":-300,"message":"Please provide a valid symbol","s":"error","type":"sub","invalid_symbols":["MCX:GOLD26SEPFUT"]},"timestamp":"2026-08-27 00:28:36,717+0530","service":"FyersDataSocket"}
{"level":"ERROR","location":"[<lambda>:1667] data_ws","message":"Connection to remote host was lost.","timestamp":"2026-08-27 00:29:48,874+0530","service":"FyersDataSocket"}
{"level":"ERROR","location":"[__symbol_conversion:1352] data_ws","message":{"code":-300,"message":"Please provide a valid symbol","s":"error","type":"sub","invalid_symbols":["MCX:GOLD26SEPFUT"]},"timestamp":"2026-08-27 00:29:56,075+0530","service":"FyersDataSocket"}
{"level":"ERROR","location":"[<lambda>:1667] data_ws","message":"Connection to remote host was lost.","timestamp":"2026-08-27 00:30:32,976+0530","service":"FyersDataSocket"}
{"level":"ERROR","location":"[__symbol_conversion:1352] data_ws","message":{"code":-300,"message":"Please provide a valid symbol","s":"error","type":"sub","invalid_symbols":["MCX:GOLD26SEPFUT"]},"timestamp":"2026-08-27 00:30:40,181+0530","service":"FyersDataSocket"}
{"level":"ERROR","location":"[<lambda>:1667] data_ws","message":"Connection to remote host was lost.","timestamp":"2026-08-27 00:31:52,984+0530","service":"FyersDataSocket"}
{"level":"ERROR","location":"[__symbol_conversion:1352] data_ws","message":{"code":-300,"message":"Please provide a valid symbol","s":"error","type":"sub","invalid_symbols":["MCX:GOLD26SEPFUT"]},"timestamp":"2026-08-27 00:32:00,289+0530","service":"FyersDataSocket"}
{"level":"ERROR","location":"[<lambda>:1667] data_ws","message":"Connection to remote host was lost.","timestamp":"2026-08-27 00:32:35,623+0530","service":"FyersDataSocket"}
{"level":"ERROR","location":"[__symbol_conversion:1352] data_ws","message":{"code":-300,"message":"Please provide a valid symbol","s":"error","type":"sub","invalid_symbols":["MCX:GOLD26SEPFUT"]},"timestamp":"2026-08-27 00:32:42,739+0530","service":"FyersDataSocket"}
{"level":"ERROR","location":"[<lambda>:1667] data_ws","message":"Connection to remote host was lost.","timestamp":"2026-08-27 00:33:55,639+0530","service":"FyersDataSocket"}
{"level":"ERROR","location":"[__symbol_conversion:1352] data_ws","message":{"code":-300,"message":"Please provide a valid symbol","s":"error","type":"sub","invalid_symbols":["MCX:GOLD26SEPFUT"]},"timestamp":"2026-08-27 00:34:02,977+0530","service":"FyersDataSocket"}
{"level":"ERROR","location":"[<lambda>:1667] data_ws","message":"Connection to remote host was lost.","timestamp":"2026-08-27 00:34:38,890+0530","service":"FyersDataSocket"}
{"level":"ERROR","location":"[__symbol_conversion:1352] data_ws","message":{"code":-300,"message":"Please provide a valid symbol","s":"error","type":"sub","invalid_symbols":["MCX:GOLD26SEPFUT"]},"timestamp":"2026-08-27 00:34:46,092+0530","service":"FyersDataSocket"}
{"level":"ERROR","location":"[<lambda>:1667] data_ws","message":"Connection to remote host was lost.","timestamp":"2026-08-27 00:35:58,906+0530","service":"FyersDataSocket"}
{"level":"ERROR","location":"[__symbol_conversion:1352] data_ws","message":{"code":-300,"message":"Please provide a valid symbol","s":"error","type":"sub","invalid_symbols":["MCX:GOLD26SEPFUT"]},"timestamp":"2026-08-27 00:36:06,145+0530","service":"FyersDataSocket"}
{"level":"ERROR","location":"[<lambda>:1667] data_ws","message":"Connection to remote host was lost.","timestamp":"2026-08-27 00:36:43,005+0530","service":"FyersDataSocket"}
{"level":"ERROR","location":"[__symbol_conversion:1352] data_ws","message":{"code":-300,"message":"Please provide a valid symbol","s":"error","type":"sub","invalid_symbols":["MCX:GOLD26SEPFUT"]},"timestamp":"2026-08-27 00:36:50,201+0530","service":"FyersDataSocket"}
{"level":"ERROR","location":"[<lambda>:1667] data_ws","message":"Connection to remote host was lost.","timestamp":"2026-08-27 00:38:03,094+0530","service":"FyersDataSocket"}
{"level":"ERROR","location":"[__symbol_conversion:1352] data_ws","message":{"code":-300,"message":"Please provide a valid symbol","s":"error","type":"sub","invalid_symbols":["MCX:GOLD26SEPFUT"]},"timestamp":"2026-08-27 00:38:10,305+0530","service":"FyersDataSocket"}
{"level":"ERROR","location":"[<lambda>:1667] data_ws","message":"Connection to remote host was lost.","timestamp":"2026-08-27 00:38:45,660+0530","service":"FyersDataSocket"}
{"level":"ERROR","location":"[__symbol_conversion:1352] data_ws","message":{"code":-300,"message":"Please provide a valid symbol","s":"error","type":"sub","invalid_symbols":["MCX:GOLD26SEPFUT"]},"timestamp":"2026-08-27 00:38:54,770+0530","service":"FyersDataSocket"}
{"level":"ERROR","location":"[<lambda>:1667] data_ws","message":"Connection to remote host was lost.","timestamp":"2026-08-27 00:40:05,694+0530","service":"FyersDataSocket"}
{"level":"ERROR","location":"[__symbol_conversion:1352] data_ws","message":{"code":-300,"message":"Please provide a valid symbol","s":"error","type":"sub","invalid_symbols":["MCX:GOLD26SEPFUT"]},"timestamp":"2026-08-27 00:40:16,578+0530","service":"FyersDataSocket"}
{"level":"ERROR","location":"[<lambda>:1667] data_ws","message":"Connection to remote host was lost.","timestamp":"2026-08-27 00:40:49,260+0530","service":"FyersDataSocket"}
{"level":"ERROR","location":"[__symbol_conversion:1352] data_ws","message":{"code":-300,"message":"Please provide a valid symbol","s":"error","type":"sub","invalid_symbols":["MCX:GOLD26SEPFUT"]},"timestamp":"2026-08-27 00:40:59,989+0530","service":"FyersDataSocket"}
{"level":"ERROR","location":"[<lambda>:1667] data_ws","message":"Connection to remote host was lost.","timestamp":"2026-08-27 00:42:09,277+0530","service":"FyersDataSocket"}
{"level":"ERROR","location":"[__symbol_conversion:1352] data_ws","message":{"code":-300,"message":"Please provide a valid symbol","s":"error","type":"sub","invalid_symbols":["MCX:GOLD26SEPFUT"]},"timestamp":"2026-08-27 00:42:27,220+0530","service":"FyersDataSocket"}
{"level":"ERROR","location":"[<lambda>:1667] data_ws","message":"Connection to remote host was lost.","timestamp":"2026-08-27 00:42:49,280+0530","service":"FyersDataSocket"}
{"level":"ERROR","location":"[__symbol_conversion:1352] data_ws","message":{"code":-300,"message":"Please provide a valid symbol","s":"error","type":"sub","invalid_symbols":["MCX:GOLD26SEPFUT"]},"timestamp":"2026-08-27 00:43:06,686+0530","service":"FyersDataSocket"}
{"level":"ERROR","location":"[<lambda>:1667] data_ws","message":"Connection to remote host was lost.","timestamp":"2026-08-27 00:44:09,373+0530","service":"FyersDataSocket"}
{"level":"ERROR","location":"[__symbol_conversion:1352] data_ws","message":{"code":-300,"message":"Please provide a valid symbol","s":"error","type":"sub","invalid_symbols":["MCX:GOLD26SEPFUT"]},"timestamp":"2026-08-27 00:44:18,453+0530","service":"FyersDataSocket"}
{"level":"ERROR","location":"[<lambda>:1667] data_ws","message":"Connection to remote host was lost.","timestamp":"2026-08-27 00:44:49,312+0530","service":"FyersDataSocket"}
{"level":"ERROR","location":"[__symbol_conversion:1352] data_ws","message":{"code":-300,"message":"Please provide a valid symbol","s":"error","type":"sub","invalid_symbols":["MCX:GOLD26SEPFUT"]},"timestamp":"2026-08-27 00:44:58,881+0530","service":"FyersDataSocket"}
{"level":"ERROR","location":"[<lambda>:1667] data_ws","message":"Connection to remote host was lost.","timestamp":"2026-08-27 00:46:10,842+0530","service":"FyersDataSocket"}
{"level":"ERROR","location":"[__symbol_conversion:1352] data_ws","message":{"code":-300,"message":"Please provide a valid symbol","s":"error","type":"sub","invalid_symbols":["MCX:GOLD26SEPFUT"]},"timestamp":"2026-08-27 00:46:20,624+0530","service":"FyersDataSocket"}
{"level":"ERROR","location":"[<lambda>:1667] data_ws","message":"Connection to remote host was lost.","timestamp":"2026-08-27 00:46:50,838+0530","service":"FyersDataSocket"}
{"level":"ERROR","location":"[__symbol_conversion:1352] data_ws","message":{"code":-300,"message":"Please provide a valid symbol","s":"error","type":"sub","invalid_symbols":["MCX:GOLD26SEPFUT"]},"timestamp":"2026-08-27 00:55:25,986+0530","service":"FyersDataSocket"}
{"level":"ERROR","location":"[__symbol_conversion:1352] data_ws","message":{"code":-300,"message":"Please provide a valid symbol","s":"error","type":"sub","invalid_symbols":["MCX:GOLD26SEPFUT"]},"timestamp":"2026-08-27 01:10:27,635+0530","service":"FyersDataSocket"}
{"level":"ERROR","location":"[__symbol_conversion:1352] data_ws","message":{"code":-300,"message":"Please provide a valid symbol","s":"error","type":"sub","invalid_symbols":["MCX:GOLD26SEPFUT"]},"timestamp":"2026-08-27 01:33:20,165+0530","service":"FyersDataSocket"}
{"level":"ERROR","location":"[<lambda>:1667] data_ws","message":"Connection to remote host was lost.","timestamp":"2026-08-27 01:35:15,916+0530","service":"FyersDataSocket"}
{"level":"ERROR","location":"[__symbol_conversion:1352] data_ws","message":{"code":-300,"message":"Please provide a valid symbol","s":"error","type":"sub","invalid_symbols":["MCX:GOLD26SEPFUT"]},"timestamp":"2026-08-27 01:35:23,078+0530","service":"FyersDataSocket"}
{"level":"ERROR","location":"[<lambda>:1667] data_ws","message":"Connection to remote host was lost.","timestamp":"2026-08-27 01:37:18,284+0530","service":"FyersDataSocket"}
{"level":"ERROR","location":"[__symbol_conversion:1352] data_ws","message":{"code":-300,"message":"Please provide a valid symbol","s":"error","type":"sub","invalid_symbols":["MCX:GOLD26SEPFUT"]},"timestamp":"2026-08-27 01:37:25,464+0530","service":"FyersDataSocket"}
{"level":"ERROR","location":"[<lambda>:1667] data_ws","message":"Connection to remote host was lost.","timestamp":"2026-08-27 01:39:21,181+0530","service":"FyersDataSocket"}
{"level":"ERROR","location":"[__symbol_conversion:1352] data_ws","message":{"code":-300,"message":"Please provide a valid symbol","s":"error","type":"sub","invalid_symbols":["MCX:GOLD26SEPFUT"]},"timestamp":"2026-08-27 01:39:28,345+0530","service":"FyersDataSocket"}
{"level":"ERROR","location":"[__symbol_conversion:1352] data_ws","message":{"code":-300,"message":"Please provide a valid symbol","s":"error","type":"sub","invalid_symbols":["MCX:GOLD26SEPFUT"]},"timestamp":"2026-08-27 01:40:15,804+0530","service":"FyersDataSocket"}
{"level":"ERROR","location":"[<lambda>:1667] data_ws","message":"[WinError 10054] An existing connection was forcibly closed by the remote host","timestamp":"2026-08-27 04:40:53,301+0530","service":"FyersDataSocket"}
{"level":"ERROR","location":"[<lambda>:1667] data_ws","message":"[WinError 10054] An existing connection was forcibly closed by the remote host","timestamp":"2026-08-27 04:40:53,801+0530","service":"FyersDataSocket"}
{"level":"ERROR","location":"[<lambda>:1667] data_ws","message":"[WinError 10054] An existing connection was forcibly closed by the remote host","timestamp":"2026-08-27 04:40:53,814+0530","service":"FyersDataSocket"}
{"level":"ERROR","location":"[__symbol_conversion:1352] data_ws","message":{"code":-300,"message":"Please provide a valid symbol","s":"error","type":"sub","invalid_symbols":["MCX:GOLD26SEPFUT"]},"timestamp":"2026-08-27 04:41:00,518+0530","service":"FyersDataSocket"}
{"level":"ERROR","location":"[<lambda>:1667] data_ws","message":"[WinError 10060] A connection attempt failed because the connected party did not properly respond after a period of time, or established connection failed because connected host has failed to respond","timestamp":"2026-08-27 10:52:13,622+0530","service":"FyersDataSocket"}
{"level":"ERROR","location":"[access_token_to_hsmtoken:272] data_ws","message":{"type":"cn","code":-99,"message":"Token is expired","s":"error"},"timestamp":"2026-08-27 10:52:14,460+0530","service":"FyersDataSocket"}
{"level":"ERROR","location":"[__symbol_conversion:1352] data_ws","message":{"code":-300,"message":"Please provide a valid symbol","s":"error","type":"sub","invalid_symbols":["MCX:GOLD26SEPFUT"]},"timestamp":"2026-08-27 11:05:08,530+0530","service":"FyersDataSocket"}
{"level":"ERROR","location":"[__symbol_conversion:1352] data_ws","message":{"code":-300,"message":"Please provide a valid symbol","s":"error","type":"sub","invalid_symbols":["MCX:GOLD26SEPFUT"]},"timestamp":"2026-08-27 11:08:18,185+0530","service":"FyersDataSocket"}
{"level":"ERROR","location":"[__symbol_conversion:1352] data_ws","message":{"code":-300,"message":"Please provide a valid symbol","s":"error","type":"sub","invalid_symbols":["MCX:GOLD26SEPFUT"]},"timestamp":"2026-08-27 11:10:10,320+0530","service":"FyersDataSocket"}
{"level":"ERROR","location":"[__symbol_conversion:1352] data_ws","message":{"code":-300,"message":"Please provide a valid symbol","s":"error","type":"sub","invalid_symbols":["MCX:GOLD26SEPFUT"]},"timestamp":"2026-08-27 11:10:36,810+0530","service":"FyersDataSocket"}
{"level":"ERROR","location":"[__symbol_conversion:1352] data_ws","message":{"code":-300,"message":"Please provide a valid symbol","s":"error","type":"sub","invalid_symbols":["MCX:SILVER26OCTFUT"]},"timestamp":"2026-08-27 11:12:49,464+0530","service":"FyersDataSocket"}
{"level":"ERROR","location":"[__symbol_conversion:1352] data_ws","message":{"code":-300,"message":"Please provide a valid symbol","s":"error","type":"sub","invalid_symbols":["MCX:SILVER26OCTFUT"]},"timestamp":"2026-08-27 11:16:55,639+0530","service":"FyersDataSocket"}
{"level":"ERROR","location":"[__symbol_conversion:1352] data_ws","message":{"code":-300,"message":"Please provide a valid symbol","s":"error","type":"sub","invalid_symbols":["MCX:SILVER26OCTFUT"]},"timestamp":"2026-08-27 11:24:18,102+0530","service":"FyersDataSocket"}
{"level":"ERROR","location":"[__symbol_conversion:1352] data_ws","message":{"code":-300,"message":"Please provide a valid symbol","s":"error","type":"sub","invalid_symbols":["MCX:SILVER26OCTFUT"]},"timestamp":"2026-08-27 11:44:13,067+0530","service":"FyersDataSocket"}
{"level":"ERROR","location":"[__symbol_conversion:1352] data_ws","message":{"code":-300,"message":"Please provide a valid symbol","s":"error","type":"sub","invalid_symbols":["MCX:SILVER26OCTFUT"]},"timestamp":"2026-08-27 11:53:05,008+0530","service":"FyersDataSocket"}
{"level":"ERROR","location":"[__symbol_conversion:1352] data_ws","message":{"code":-300,"message":"Please provide a valid symbol","s":"error","type":"sub","invalid_symbols":["MCX:SILVER26OCTFUT"]},"timestamp":"2026-08-27 14:40:27,065+0530","service":"FyersDataSocket"}
{"level":"ERROR","location":"[__symbol_conversion:1352] data_ws","message":{"code":-300,"message":"Please provide a valid symbol","s":"error","type":"sub","invalid_symbols":["MCX:SILVER26OCTFUT"]},"timestamp":"2026-08-27 15:49:30,236+0530","service":"FyersDataSocket"}
{"level":"ERROR","location":"[__symbol_conversion:1352] data_ws","message":{"code":-300,"message":"Please provide a valid symbol","s":"error","type":"sub","invalid_symbols":["MCX:SILVER26OCTFUT"]},"timestamp":"2026-08-27 15:52:59,302+0530","service":"FyersDataSocket"}
{"level":"ERROR","location":"[__symbol_conversion:1352] data_ws","message":{"code":-300,"message":"Please provide a valid symbol","s":"error","type":"sub","invalid_symbols":["MCX:SILVER26OCTFUT"]},"timestamp":"2026-08-27 15:55:55,127+0530","service":"FyersDataSocket"}
{"level":"ERROR","location":"[__symbol_conversion:1352] data_ws","message":{"code":-300,"message":"Please provide a valid symbol","s":"error","type":"sub","invalid_symbols":["MCX:SILVER26OCTFUT"]},"timestamp":"2026-08-27 15:58:34,919+0530","service":"FyersDataSocket"}
{"level":"ERROR","location":"[__symbol_conversion:1352] data_ws","message":{"code":-300,"message":"Please provide a valid symbol","s":"error","type":"sub","invalid_symbols":["MCX:SILVER26OCTFUT"]},"timestamp":"2026-08-27 16:06:26,371+0530","service":"FyersDataSocket"}
{"level":"ERROR","location":"[__symbol_conversion:1352] data_ws","message":{"code":-300,"message":"Please provide a valid symbol","s":"error","type":"sub","invalid_symbols":["MCX:SILVER26OCTFUT"]},"timestamp":"2026-08-27 16:14:06,157+0530","service":"FyersDataSocket"}
{"level":"ERROR","location":"[__symbol_conversion:1352] data_ws","message":{"code":-300,"message":"Please provide a valid symbol","s":"error","type":"sub","invalid_symbols":["MCX:SILVER26OCTFUT"]},"timestamp":"2026-08-27 16:31:03,851+0530","service":"FyersDataSocket"}
{"level":"ERROR","location":"[__symbol_conversion:1352] data_ws","message":{"code":-300,"message":"Please provide a valid symbol","s":"error","type":"sub","invalid_symbols":["MCX:SILVER26OCTFUT"]},"timestamp":"2026-08-27 16:34:42,364+0530","service":"FyersDataSocket"}
{"level":"ERROR","location":"[__symbol_conversion:1352] data_ws","message":{"code":-300,"message":"Please provide a valid symbol","s":"error","type":"sub","invalid_symbols":["MCX:SILVER26OCTFUT"]},"timestamp":"2026-08-27 16:46:04,876+0530","service":"FyersDataSocket"}
{"level":"ERROR","location":"[__symbol_conversion:1352] data_ws","message":{"code":-300,"message":"Please provide a valid symbol","s":"error","type":"sub","invalid_symbols":["MCX:SILVER26OCTFUT"]},"timestamp":"2026-08-27 17:13:41,997+0530","service":"FyersDataSocket"}
{"level":"ERROR","location":"[__symbol_conversion:1352] data_ws","message":{"code":-300,"message":"Please provide a valid symbol","s":"error","type":"sub","invalid_symbols":["MCX:SILVER26OCTFUT"]},"timestamp":"2026-08-27 17:23:32,833+0530","service":"FyersDataSocket"}
{"level":"ERROR","location":"[__symbol_conversion:1352] data_ws","message":{"code":-300,"message":"Please provide a valid symbol","s":"error","type":"sub","invalid_symbols":["MCX:SILVER26OCTFUT"]},"timestamp":"2026-08-27 17:42:21,355+0530","service":"FyersDataSocket"}
{"level":"ERROR","location":"[__symbol_conversion:1352] data_ws","message":{"code":-300,"message":"Please provide a valid symbol","s":"error","type":"sub","invalid_symbols":["MCX:SILVER26OCTFUT"]},"timestamp":"2026-08-27 17:46:21,243+0530","service":"FyersDataSocket"}
{"level":"ERROR","location":"[__symbol_conversion:1352] data_ws","message":{"code":-300,"message":"Please provide a valid symbol","s":"error","type":"sub","invalid_symbols":["MCX:SILVER26OCTFUT"]},"timestamp":"2026-08-27 17:48:50,549+0530","service":"FyersDataSocket"}
{"level":"ERROR","location":"[__symbol_conversion:1352] data_ws","message":{"code":-300,"message":"Please provide a valid symbol","s":"error","type":"sub","invalid_symbols":["MCX:SILVER26OCTFUT"]},"timestamp":"2026-08-27 18:03:53,297+0530","service":"FyersDataSocket"}
{"level":"ERROR","location":"[__symbol_conversion:1352] data_ws","message":{"code":-300,"message":"Please provide a valid symbol","s":"error","type":"sub","invalid_symbols":["MCX:SILVER26OCTFUT"]},"timestamp":"2026-08-27 18:11:20,524+0530","service":"FyersDataSocket"}
{"level":"ERROR","location":"[__symbol_conversion:1352] data_ws","message":{"code":-300,"message":"Please provide a valid symbol","s":"error","type":"sub","invalid_symbols":["MCX:SILVER26OCTFUT"]},"timestamp":"2026-08-27 18:19:42,244+0530","service":"FyersDataSocket"}
{"level":"ERROR","location":"[__symbol_conversion:1352] data_ws","message":{"code":-300,"message":"Please provide a valid symbol","s":"error","type":"sub","invalid_symbols":["MCX:SILVER26OCTFUT"]},"timestamp":"2026-08-27 18:29:09,773+0530","service":"FyersDataSocket"}
{"level":"ERROR","location":"[__symbol_conversion:1352] data_ws","message":{"code":-300,"message":"Please provide a valid symbol","s":"error","type":"sub","invalid_symbols":["MCX:SILVER26OCTFUT"]},"timestamp":"2026-08-27 22:17:14,662+0530","service":"FyersDataSocket"}
{"level":"ERROR","location":"[__symbol_conversion:1352] data_ws","message":{"code":-300,"message":"Please provide a valid symbol","s":"error","type":"sub","invalid_symbols":["MCX:SILVER26OCTFUT"]},"timestamp":"2026-08-27 22:21:39,016+0530","service":"FyersDataSocket"}
{"level":"ERROR","location":"[__symbol_conversion:1352] data_ws","message":{"code":-300,"message":"Please provide a valid symbol","s":"error","type":"sub","invalid_symbols":["MCX:SILVER26OCTFUT"]},"timestamp":"2026-08-27 22:56:31,844+0530","service":"FyersDataSocket"}
{"level":"ERROR","location":"[__symbol_conversion:1352] data_ws","message":{"code":-300,"message":"Please provide a valid symbol","s":"error","type":"sub","invalid_symbols":["MCX:SILVER26OCTFUT"]},"timestamp":"2026-08-27 23:11:23,806+0530","service":"FyersDataSocket"}
{"level":"ERROR","location":"[__symbol_conversion:1352] data_ws","message":{"code":-300,"message":"Please provide a valid symbol","s":"error","type":"sub","invalid_symbols":["MCX:SILVER26OCTFUT"]},"timestamp":"2026-08-27 23:26:43,442+0530","service":"FyersDataSocket"}
{"level":"ERROR","location":"[__symbol_conversion:1352] data_ws","message":{"code":-300,"message":"Please provide a valid symbol","s":"error","type":"sub","invalid_symbols":["MCX:SILVER26OCTFUT"]},"timestamp":"2026-08-27 23:32:48,658+0530","service":"FyersDataSocket"}
{"level":"ERROR","location":"[<lambda>:1667] data_ws","message":"Connection to remote host was lost.","timestamp":"2026-08-27 23:33:57,467+0530","service":"FyersDataSocket"}
{"level":"ERROR","location":"[__symbol_conversion:1352] data_ws","message":{"code":-300,"message":"Please provide a valid symbol","s":"error","type":"sub","invalid_symbols":["MCX:SILVER26OCTFUT"]},"timestamp":"2026-08-27 23:34:00,006+0530","service":"FyersDataSocket"}
{"level":"ERROR","location":"[__symbol_conversion:1352] data_ws","message":{"code":-300,"message":"Please provide a valid symbol","s":"error","type":"sub","invalid_symbols":["MCX:SILVER26OCTFUT"]},"timestamp":"2026-08-27 23:34:04,599+0530","service":"FyersDataSocket"}
{"level":"ERROR","location":"[<lambda>:1667] data_ws","message":"Connection to remote host was lost.","timestamp":"2026-08-27 23:34:42,135+0530","service":"FyersDataSocket"}
{"level":"ERROR","location":"[__symbol_conversion:1352] data_ws","message":{"code":-300,"message":"Please provide a valid symbol","s":"error","type":"sub","invalid_symbols":["MCX:SILVER26OCTFUT"]},"timestamp":"2026-08-27 23:34:49,344+0530","service":"FyersDataSocket"}
{"level":"ERROR","location":"[<lambda>:1667] data_ws","message":"Connection to remote host was lost.","timestamp":"2026-08-27 23:35:57,219+0530","service":"FyersDataSocket"}
{"level":"ERROR","location":"[<lambda>:1667] data_ws","message":"Connection to remote host was lost.","timestamp":"2026-08-27 23:36:02,164+0530","service":"FyersDataSocket"}
{"level":"ERROR","location":"[__symbol_conversion:1352] data_ws","message":{"code":-300,"message":"Please provide a valid symbol","s":"error","type":"sub","invalid_symbols":["MCX:SILVER26OCTFUT"]},"timestamp":"2026-08-27 23:36:04,400+0530","service":"FyersDataSocket"}
{"level":"ERROR","location":"[__symbol_conversion:1352] data_ws","message":{"code":-300,"message":"Please provide a valid symbol","s":"error","type":"sub","invalid_symbols":["MCX:SILVER26OCTFUT"]},"timestamp":"2026-08-27 23:36:14,337+0530","service":"FyersDataSocket"}
{"level":"ERROR","location":"[<lambda>:1667] data_ws","message":"Connection to remote host was lost.","timestamp":"2026-08-27 23:36:42,779+0530","service":"FyersDataSocket"}
{"level":"ERROR","location":"[__symbol_conversion:1352] data_ws","message":{"code":-300,"message":"Please provide a valid symbol","s":"error","type":"sub","invalid_symbols":["MCX:SILVER26OCTFUT"]},"timestamp":"2026-08-27 23:36:49,973+0530","service":"FyersDataSocket"}
{"level":"ERROR","location":"[<lambda>:1667] data_ws","message":"Connection to remote host was lost.","timestamp":"2026-08-27 23:38:02,186+0530","service":"FyersDataSocket"}
{"level":"ERROR","location":"[__symbol_conversion:1352] data_ws","message":{"code":-300,"message":"Please provide a valid symbol","s":"error","type":"sub","invalid_symbols":["MCX:SILVER26OCTFUT"]},"timestamp":"2026-08-27 23:38:09,365+0530","service":"FyersDataSocket"}
{"level":"ERROR","location":"[<lambda>:1667] data_ws","message":"Connection to remote host was lost.","timestamp":"2026-08-27 23:38:12,184+0530","service":"FyersDataSocket"}
{"level":"ERROR","location":"[__symbol_conversion:1352] data_ws","message":{"code":-300,"message":"Please provide a valid symbol","s":"error","type":"sub","invalid_symbols":["MCX:SILVER26OCTFUT"]},"timestamp":"2026-08-27 23:38:19,366+0530","service":"FyersDataSocket"}
{"level":"ERROR","location":"[<lambda>:1667] data_ws","message":"Connection to remote host was lost.","timestamp":"2026-08-27 23:38:47,437+0530","service":"FyersDataSocket"}
{"level":"ERROR","location":"[__symbol_conversion:1352] data_ws","message":{"code":-300,"message":"Please provide a valid symbol","s":"error","type":"sub","invalid_symbols":["MCX:SILVER26OCTFUT"]},"timestamp":"2026-08-27 23:38:54,553+0530","service":"FyersDataSocket"}
{"level":"ERROR","location":"[<lambda>:1667] data_ws","message":"Connection to remote host was lost.","timestamp":"2026-08-27 23:41:57,450+0530","service":"FyersDataSocket"}
{"level":"ERROR","location":"[<lambda>:1667] data_ws","message":"Connection to remote host was lost.","timestamp":"2026-08-27 23:41:57,463+0530","service":"FyersDataSocket"}
{"level":"ERROR","location":"[<lambda>:1667] data_ws","message":"Connection to remote host was lost.","timestamp":"2026-08-27 23:41:57,577+0530","service":"FyersDataSocket"}
{"level":"ERROR","location":"[__symbol_conversion:1352] data_ws","message":{"code":-300,"message":"Please provide a valid symbol","s":"error","type":"sub","invalid_symbols":["MCX:SILVER26OCTFUT"]},"timestamp":"2026-08-27 23:42:04,572+0530","service":"FyersDataSocket"}
{"level":"ERROR","location":"[__symbol_conversion:1352] data_ws","message":{"code":-300,"message":"Please provide a valid symbol","s":"error","type":"sub","invalid_symbols":["MCX:SILVER26OCTFUT"]},"timestamp":"2026-08-27 23:42:09,581+0530","service":"FyersDataSocket"}
{"level":"ERROR","location":"[__symbol_conversion:1352] data_ws","message":{"code":-300,"message":"Please provide a valid symbol","s":"error","type":"sub","invalid_symbols":["MCX:SILVER26OCTFUT"]},"timestamp":"2026-08-27 23:42:14,788+0530","service":"FyersDataSocket"}
{"level":"ERROR","location":"[<lambda>:1667] data_ws","message":"Connection to remote host was lost.","timestamp":"2026-08-27 23:44:02,209+0530","service":"FyersDataSocket"}
{"level":"ERROR","location":"[<lambda>:1667] data_ws","message":"Connection to remote host was lost.","timestamp":"2026-08-27 23:44:07,524+0530","service":"FyersDataSocket"}
{"level":"ERROR","location":"[__symbol_conversion:1352] data_ws","message":{"code":-300,"message":"Please provide a valid symbol","s":"error","type":"sub","invalid_symbols":["MCX:SILVER26OCTFUT"]},"timestamp":"2026-08-27 23:44:09,373+0530","service":"FyersDataSocket"}
{"level":"ERROR","location":"[<lambda>:1667] data_ws","message":"Connection to remote host was lost.","timestamp":"2026-08-27 23:44:12,217+0530","service":"FyersDataSocket"}
{"level":"ERROR","location":"[__symbol_conversion:1352] data_ws","message":{"code":-300,"message":"Please provide a valid symbol","s":"error","type":"sub","invalid_symbols":["MCX:SILVER26OCTFUT"]},"timestamp":"2026-08-27 23:44:14,703+0530","service":"FyersDataSocket"}
{"level":"ERROR","location":"[__symbol_conversion:1352] data_ws","message":{"code":-300,"message":"Please provide a valid symbol","s":"error","type":"sub","invalid_symbols":["MCX:SILVER26OCTFUT"]},"timestamp":"2026-08-27 23:44:19,409+0530","service":"FyersDataSocket"}
{"level":"ERROR","location":"[<lambda>:1667] data_ws","message":"Connection to remote host was lost.","timestamp":"2026-08-27 23:46:02,775+0530","service":"FyersDataSocket"}
{"level":"ERROR","location":"[__symbol_conversion:1352] data_ws","message":{"code":-300,"message":"Please provide a valid symbol","s":"error","type":"sub","invalid_symbols":["MCX:SILVER26OCTFUT"]},"timestamp":"2026-08-27 23:46:09,900+0530","service":"FyersDataSocket"}
{"level":"ERROR","location":"[<lambda>:1667] data_ws","message":"Connection to remote host was lost.","timestamp":"2026-08-27 23:46:12,218+0530","service":"FyersDataSocket"}
{"level":"ERROR","location":"[<lambda>:1667] data_ws","message":"Connection to remote host was lost.","timestamp":"2026-08-27 23:46:15,318+0530","service":"FyersDataSocket"}
{"level":"ERROR","location":"[__symbol_conversion:1352] data_ws","message":{"code":-300,"message":"Please provide a valid symbol","s":"error","type":"sub","invalid_symbols":["MCX:SILVER26OCTFUT"]},"timestamp":"2026-08-27 23:46:19,342+0530","service":"FyersDataSocket"}
{"level":"ERROR","location":"[__symbol_conversion:1352] data_ws","message":{"code":-300,"message":"Please provide a valid symbol","s":"error","type":"sub","invalid_symbols":["MCX:SILVER26OCTFUT"]},"timestamp":"2026-08-27 23:46:27,483+0530","service":"FyersDataSocket"}
{"level":"ERROR","location":"[__symbol_conversion:1352] data_ws","message":{"code":-300,"message":"Please provide a valid symbol","s":"error","type":"sub","invalid_symbols":["MCX:SILVER26OCTFUT"]},"timestamp":"2026-08-28 11:49:15,087+0530","service":"FyersDataSocket"}
{"level":"ERROR","location":"[__symbol_conversion:1352] data_ws","message":{"code":-300,"message":"Please provide a valid symbol","s":"error","type":"sub","invalid_symbols":["MCX:SILVER26OCTFUT"]},"timestamp":"2026-08-28 11:52:17,219+0530","service":"FyersDataSocket"}
{"level":"ERROR","location":"[__symbol_conversion:1352] data_ws","message":{"code":-300,"message":"Please provide a valid symbol","s":"error","type":"sub","invalid_symbols":["MCX:SILVER26OCTFUT"]},"timestamp":"2026-08-28 12:09:13,218+0530","service":"FyersDataSocket"}
{"level":"ERROR","location":"[__symbol_conversion:1352] data_ws","message":{"code":-300,"message":"Please provide a valid symbol","s":"error","type":"sub","invalid_symbols":["MCX:SILVER26OCTFUT"]},"timestamp":"2026-08-28 14:37:09,951+0530","service":"FyersDataSocket"}
{"level":"ERROR","location":"[__symbol_conversion:1352] data_ws","message":{"code":-300,"message":"Please provide a valid symbol","s":"error","type":"sub","invalid_symbols":["MCX:SILVER26OCTFUT"]},"timestamp":"2026-08-28 14:48:53,945+0530","service":"FyersDataSocket"}
{"level":"ERROR","location":"[__symbol_conversion:1352] data_ws","message":{"code":-300,"message":"Please provide a valid symbol","s":"error","type":"sub","invalid_symbols":["MCX:SILVER26OCTFUT"]},"timestamp":"2026-08-28 15:10:33,340+0530","service":"FyersDataSocket"}
{"level":"ERROR","location":"[__symbol_conversion:1352] data_ws","message":{"code":-300,"message":"Please provide a valid symbol","s":"error","type":"sub","invalid_symbols":["MCX:SILVER26OCTFUT"]},"timestamp":"2026-08-28 15:20:38,586+0530","service":"FyersDataSocket"}
{"level":"ERROR","location":"[__symbol_conversion:1352] data_ws","message":{"code":-300,"message":"Please provide a valid symbol","s":"error","type":"sub","invalid_symbols":["MCX:SILVER26OCTFUT"]},"timestamp":"2026-08-28 15:34:21,150+0530","service":"FyersDataSocket"}
{"level":"ERROR","location":"[__symbol_conversion:1352] data_ws","message":{"code":-300,"message":"Please provide a valid symbol","s":"error","type":"sub","invalid_symbols":["MCX:SILVER26OCTFUT"]},"timestamp":"2026-08-28 15:36:01,607+0530","service":"FyersDataSocket"}
{"level":"ERROR","location":"[__symbol_conversion:1352] data_ws","message":{"code":-300,"message":"Please provide a valid symbol","s":"error","type":"sub","invalid_symbols":["MCX:SILVER26OCTFUT"]},"timestamp":"2026-08-28 16:21:25,410+0530","service":"FyersDataSocket"}
{"level":"ERROR","location":"[<lambda>:1667] data_ws","message":"Connection to remote host was lost.","timestamp":"2026-08-28 16:23:24,384+0530","service":"FyersDataSocket"}
{"level":"ERROR","location":"[<lambda>:1667] data_ws","message":"Connection to remote host was lost.","timestamp":"2026-08-28 16:23:25,081+0530","service":"FyersDataSocket"}
{"level":"ERROR","location":"[__symbol_conversion:1352] data_ws","message":{"code":-300,"message":"Please provide a valid symbol","s":"error","type":"sub","invalid_symbols":["MCX:SILVER26OCTFUT"]},"timestamp":"2026-08-28 16:23:31,885+0530","service":"FyersDataSocket"}
{"level":"ERROR","location":"[__symbol_conversion:1352] data_ws","message":{"code":-300,"message":"Please provide a valid symbol","s":"error","type":"sub","invalid_symbols":["MCX:SILVER26OCTFUT"]},"timestamp":"2026-08-28 16:23:37,203+0530","service":"FyersDataSocket"}
{"level":"ERROR","location":"[<lambda>:1667] data_ws","message":"Connection to remote host was lost.","timestamp":"2026-08-28 16:31:43,636+0530","service":"FyersDataSocket"}
{"level":"ERROR","location":"[__symbol_conversion:1352] data_ws","message":{"code":-300,"message":"Please provide a valid symbol","s":"error","type":"sub","invalid_symbols":["MCX:SILVER26OCTFUT"]},"timestamp":"2026-08-28 16:31:51,257+0530","service":"FyersDataSocket"}
{"level":"ERROR","location":"[<lambda>:1667] data_ws","message":"Connection to remote host was lost.","timestamp":"2026-08-28 16:39:28,159+0530","service":"FyersDataSocket"}
{"level":"ERROR","location":"[__symbol_conversion:1352] data_ws","message":{"code":-300,"message":"Please provide a valid symbol","s":"error","type":"sub","invalid_symbols":["MCX:SILVER26OCTFUT"]},"timestamp":"2026-08-28 16:39:35,407+0530","service":"FyersDataSocket"}
{"level":"ERROR","location":"[<lambda>:1667] data_ws","message":"Connection to remote host was lost.","timestamp":"2026-08-28 16:54:33,817+0530","service":"FyersDataSocket"}
{"level":"ERROR","location":"[__symbol_conversion:1352] data_ws","message":{"code":-300,"message":"Please provide a valid symbol","s":"error","type":"sub","invalid_symbols":["MCX:SILVER26OCTFUT"]},"timestamp":"2026-08-28 16:54:41,258+0530","service":"FyersDataSocket"}
{"level":"ERROR","location":"[<lambda>:1667] data_ws","message":"Connection to remote host was lost.","timestamp":"2026-08-28 17:01:13,643+0530","service":"FyersDataSocket"}
{"level":"ERROR","location":"[__symbol_conversion:1352] data_ws","message":{"code":-300,"message":"Please provide a valid symbol","s":"error","type":"sub","invalid_symbols":["MCX:SILVER26OCTFUT"]},"timestamp":"2026-08-28 17:01:21,405+0530","service":"FyersDataSocket"}
{"level":"ERROR","location":"[<lambda>:1667] data_ws","message":"Connection to remote host was lost.","timestamp":"2026-08-28 17:02:55,503+0530","service":"FyersDataSocket"}
{"level":"ERROR","location":"[__symbol_conversion:1352] data_ws","message":{"code":-300,"message":"Please provide a valid symbol","s":"error","type":"sub","invalid_symbols":["MCX:SILVER26OCTFUT"]},"timestamp":"2026-08-28 17:03:02,699+0530","service":"FyersDataSocket"}
{"level":"ERROR","location":"[<lambda>:1667] data_ws","message":"Connection to remote host was lost.","timestamp":"2026-08-28 17:05:17,554+0530","service":"FyersDataSocket"}
{"level":"ERROR","location":"[__symbol_conversion:1352] data_ws","message":{"code":-300,"message":"Please provide a valid symbol","s":"error","type":"sub","invalid_symbols":["MCX:SILVER26OCTFUT"]},"timestamp":"2026-08-28 17:05:24,761+0530","service":"FyersDataSocket"}
{"level":"ERROR","location":"[<lambda>:1667] data_ws","message":"Connection to remote host was lost.","timestamp":"2026-08-28 17:11:57,471+0530","service":"FyersDataSocket"}
{"level":"ERROR","location":"[__symbol_conversion:1352] data_ws","message":{"code":-300,"message":"Please provide a valid symbol","s":"error","type":"sub","invalid_symbols":["MCX:SILVER26OCTFUT"]},"timestamp":"2026-08-28 17:12:04,786+0530","service":"FyersDataSocket"}
{"level":"ERROR","location":"[<lambda>:1667] data_ws","message":"Connection to remote host was lost.","timestamp":"2026-08-28 17:18:51,250+0530","service":"FyersDataSocket"}
{"level":"ERROR","location":"[__symbol_conversion:1352] data_ws","message":{"code":-300,"message":"Please provide a valid symbol","s":"error","type":"sub","invalid_symbols":["MCX:SILVER26OCTFUT"]},"timestamp":"2026-08-28 17:18:58,370+0530","service":"FyersDataSocket"}
{"level":"ERROR","location":"[<lambda>:1667] data_ws","message":"Connection to remote host was lost.","timestamp":"2026-08-28 17:20:05,834+0530","service":"FyersDataSocket"}
{"level":"ERROR","location":"[__symbol_conversion:1352] data_ws","message":{"code":-300,"message":"Please provide a valid symbol","s":"error","type":"sub","invalid_symbols":["MCX:SILVER26OCTFUT"]},"timestamp":"2026-08-28 17:20:12,983+0530","service":"FyersDataSocket"}
